Province	Year	Gender	Value
Torino	2003	male	1045816
Torino	2004	male	1054784
Torino	2005	male	1058774
Torino	2006	male	1060448
Torino	2007	male	1062274
Torino	2008	male	1075619
Torino	2009	male	1081036
Torino	2010	male	1082015
Torino	2011	male	1081148
Torino	2003	female	1123004
Torino	2004	female	1131927
Torino	2005	female	1135554
Torino	2006	female	1137369
Torino	2007	female	1139117
Torino	2008	female	1154204
Torino	2009	female	1160694
Torino	2010	female	1163610
Torino	2011	female	1165416
Asti	2003	female	107782
Asti	2004	female	108681
Asti	2005	female	109104
Asti	2006	female	109636
Asti	2007	female	109675
Asti	2008	female	111178
Asti	2009	female	111932
Asti	2010	female	112148
Asti	2011	female	112289
Novara	2003	female	178317
Novara	2004	female	180146
Novara	2005	female	181429
Novara	2006	female	182179
Novara	2007	female	183192
Novara	2008	female	185141
Novara	2009	female	187094
Novara	2010	female	187920
Novara	2011	female	189079
Biella	2003	male	89214
Biella	2004	male	89392
Biella	2005	male	89293
Biella	2006	male	89084
Biella	2007	male	88683
Biella	2008	male	88763
Biella	2009	male	88519
Biella	2010	male	87944
Biella	2011	male	87248
Verbano-Cusio-Ossola	2003	female	82084
Verbano-Cusio-Ossola	2004	female	82671
Verbano-Cusio-Ossola	2005	female	83074
Verbano-Cusio-Ossola	2006	female	83050
Verbano-Cusio-Ossola	2007	female	83028
Verbano-Cusio-Ossola	2008	female	83331
Verbano-Cusio-Ossola	2009	female	83410
Verbano-Cusio-Ossola	2010	female	83476
Verbano-Cusio-Ossola	2011	female	83283
Cuneo	2003	female	284427
Cuneo	2004	female	286447
Cuneo	2005	female	288464
Cuneo	2006	female	289413
Cuneo	2007	female	290436
Cuneo	2008	female	294140
Cuneo	2009	female	296742
Cuneo	2010	female	297636
Cuneo	2011	female	298345
Alessandria	2003	female	217305
Alessandria	2004	female	218533
Alessandria	2005	female	219289
Alessandria	2006	female	219880
Alessandria	2007	female	219757
Alessandria	2008	female	221567
Alessandria	2009	female	222744
Alessandria	2010	female	222431
Alessandria	2011	female	222603
Alessandria	2003	male	199421
Alessandria	2004	male	201227
Alessandria	2005	male	202450
Alessandria	2006	male	203311
Alessandria	2007	male	203490
Alessandria	2008	male	204872
Alessandria	2009	male	205893
Alessandria	2010	male	205576
Alessandria	2011	male	205522
Vercelli	2003	male	85036
Vercelli	2004	male	85589
Vercelli	2005	male	85697
Vercelli	2006	male	85576
Vercelli	2007	male	85395
Vercelli	2008	male	85750
Vercelli	2009	male	85752
Vercelli	2010	male	85605
Vercelli	2011	male	85405
Biella	2003	female	97731
Biella	2004	female	98081
Biella	2005	female	97946
Biella	2006	female	97552
Biella	2007	female	97129
Biella	2008	female	97083
Biella	2009	female	96841
Biella	2010	female	96311
Biella	2011	female	95703
Vercelli	2003	female	91326
Vercelli	2004	female	91682
Vercelli	2005	female	91908
Vercelli	2006	female	91617
Vercelli	2007	female	91443
Vercelli	2008	female	91996
Vercelli	2009	female	92149
Vercelli	2010	female	92072
Vercelli	2011	female	92044
Novara	2003	male	166185
Novara	2004	male	168565
Novara	2005	male	169812
Novara	2006	male	170287
Novara	2007	male	171059
Novara	2008	male	173075
Novara	2009	male	174963
Novara	2010	male	175624
Novara	2011	male	176330
Asti	2003	male	100721
Asti	2004	male	102268
Asti	2005	male	102693
Asti	2006	male	102947
Asti	2007	male	103084
Asti	2008	male	104485
Asti	2009	male	105333
Asti	2010	male	105564
Asti	2011	male	105428
Verbano-Cusio-Ossola	2003	male	76708
Verbano-Cusio-Ossola	2004	male	77012
Verbano-Cusio-Ossola	2005	male	77285
Verbano-Cusio-Ossola	2006	male	77242
Verbano-Cusio-Ossola	2007	male	77387
Verbano-Cusio-Ossola	2008	male	77545
Verbano-Cusio-Ossola	2009	male	77546
Verbano-Cusio-Ossola	2010	male	77585
Verbano-Cusio-Ossola	2011	male	77397
Cuneo	2003	male	274320
Cuneo	2004	male	277438
Cuneo	2005	male	279346
Cuneo	2006	male	279919
Cuneo	2007	male	280317
Cuneo	2008	male	283320
Cuneo	2009	male	285674
Cuneo	2010	male	286524
Cuneo	2011	male	287069
Valle d'Aosta / Vallée d'Aoste	2003	female	61276
Valle d'Aosta / Vallée d'Aoste	2004	female	61877
Valle d'Aosta / Vallée d'Aoste	2005	female	62389
Valle d'Aosta / Vallée d'Aoste	2006	female	62969
Valle d'Aosta / Vallée d'Aoste	2007	female	63256
Valle d'Aosta / Vallée d'Aoste	2008	female	63719
Valle d'Aosta / Vallée d'Aoste	2009	female	64347
Valle d'Aosta / Vallée d'Aoste	2010	female	64672
Valle d'Aosta / Vallée d'Aoste	2011	female	64848
Imperia	2003	male	97551
Imperia	2004	male	98391
Imperia	2005	male	99265
Imperia	2006	male	99848
Imperia	2007	male	100251
Imperia	2008	male	101234
Imperia	2009	male	101804
Imperia	2010	male	101974
Imperia	2011	male	102121
Savona	2003	male	129185
Savona	2004	male	130335
Savona	2005	male	131036
Savona	2006	male	131571
Savona	2007	male	132081
Savona	2008	male	132914
Savona	2009	male	133810
Savona	2010	male	133954
Savona	2011	male	133701
Imperia	2003	female	107795
Imperia	2004	female	108543
Imperia	2005	female	109246
Imperia	2006	female	109681
Imperia	2007	female	109932
Imperia	2008	female	110955
Imperia	2009	female	111722
Imperia	2010	female	112115
Imperia	2011	female	112411
Savona	2003	female	144168
Savona	2004	female	144948
Savona	2005	female	145374
Savona	2006	female	145726
Savona	2007	female	146286
Savona	2008	female	147323
Savona	2009	female	147855
Savona	2010	female	148163
Savona	2011	female	148109
Genova	2003	male	409756
Genova	2004	male	409330
Genova	2005	male	410947
Genova	2006	male	409918
Genova	2007	male	408067
Genova	2008	male	405730
Genova	2009	male	405542
Genova	2010	male	404527
Genova	2011	male	403246
La Spezia	2003	male	101816
La Spezia	2004	male	102345
La Spezia	2005	male	102461
La Spezia	2006	male	102645
La Spezia	2007	male	102818
La Spezia	2008	male	103495
La Spezia	2009	male	104213
La Spezia	2010	male	104501
La Spezia	2011	male	104461
Valle d'Aosta / Vallée d'Aoste	2003	male	59096
Valle d'Aosta / Vallée d'Aoste	2004	male	59678
Valle d'Aosta / Vallée d'Aoste	2005	male	60538
Valle d'Aosta / Vallée d'Aoste	2006	male	61000
Valle d'Aosta / Vallée d'Aoste	2007	male	61398
Valle d'Aosta / Vallée d'Aoste	2008	male	61831
Valle d'Aosta / Vallée d'Aoste	2009	male	62022
Valle d'Aosta / Vallée d'Aoste	2010	male	62014
Valle d'Aosta / Vallée d'Aoste	2011	male	61913
Varese	2003	male	395470
Varese	2004	male	399625
Varese	2005	male	404649
Varese	2006	male	407199
Varese	2007	male	410951
Varese	2008	male	414203
Varese	2009	male	417520
Varese	2010	male	419251
Varese	2011	male	421457
Genova	2003	female	462398
Genova	2004	female	461665
Genova	2005	female	463356
Genova	2006	female	461197
Genova	2007	female	459432
Genova	2008	female	457206
Genova	2009	female	457287
Genova	2010	female	455917
Genova	2011	female	454904
La Spezia	2003	female	113122
La Spezia	2004	female	113461
La Spezia	2005	female	113506
La Spezia	2006	female	113562
La Spezia	2007	female	113684
La Spezia	2008	female	114476
La Spezia	2009	female	115068
La Spezia	2010	female	115292
La Spezia	2011	female	115179
Varese	2003	female	422200
Varese	2004	female	425758
Varese	2005	female	429929
Varese	2006	female	431859
Varese	2007	female	435829
Varese	2008	female	439325
Varese	2009	female	443063
Varese	2010	female	444657
Varese	2011	female	447790
Pavia	2003	female	257683
Pavia	2004	female	260009
Pavia	2005	female	262286
Pavia	2006	female	264491
Pavia	2007	female	267003
Pavia	2008	female	271059
Pavia	2009	female	274194
Pavia	2010	female	276249
Pavia	2011	female	276701
Lodi	2003	female	102606
Lodi	2004	female	104289
Lodi	2005	female	105779
Lodi	2006	female	107147
Lodi	2007	female	108615
Lodi	2008	female	110569
Lodi	2009	female	112378
Lodi	2010	female	113007
Lodi	2011	female	113612
Como	2003	male	263209
Como	2004	male	267180
Como	2005	male	271078
Como	2006	male	273977
Como	2007	male	276174
Como	2008	male	278379
Como	2009	male	281178
Como	2010	male	283203
Como	2011	male	284909
Brescia	2003	female	572348
Brescia	2004	female	581961
Brescia	2005	female	589853
Brescia	2006	female	595998
Brescia	2007	female	601552
Brescia	2008	female	608352
Brescia	2009	female	616482
Brescia	2010	female	621486
Brescia	2011	female	627464
Lodi	2003	male	97634
Lodi	2004	male	99758
Lodi	2005	male	101655
Lodi	2006	male	102929
Lodi	2007	male	104180
Lodi	2008	male	106355
Lodi	2009	male	108030
Lodi	2010	male	108771
Lodi	2011	male	109312
Cremona	2003	male	163766
Cremona	2004	male	165980
Cremona	2005	male	167811
Cremona	2006	male	168881
Cremona	2007	male	169693
Cremona	2008	male	172197
Cremona	2009	male	173993
Cremona	2010	male	174485
Cremona	2011	male	174216
Cremona	2003	female	174099
Cremona	2004	female	175516
Cremona	2005	female	176699
Cremona	2006	female	177672
Cremona	2007	female	178480
Cremona	2008	female	180841
Cremona	2009	female	182600
Cremona	2010	female	183139
Cremona	2011	female	183070
Mantova	2003	female	195962
Mantova	2004	female	197667
Mantova	2005	female	199843
Mantova	2006	female	200924
Mantova	2007	female	202343
Mantova	2008	female	204737
Mantova	2009	female	207232
Mantova	2010	female	208250
Mantova	2011	female	209386
Lecco	2003	male	153345
Lecco	2004	male	155394
Lecco	2005	male	157194
Lecco	2006	male	158459
Lecco	2007	male	159401
Lecco	2008	male	161385
Lecco	2009	male	163129
Lecco	2010	male	163945
Lecco	2011	male	164523
Sondrio	2003	female	90493
Sondrio	2004	female	90917
Sondrio	2005	female	91167
Sondrio	2006	female	91640
Sondrio	2007	female	91893
Sondrio	2008	female	92256
Sondrio	2009	female	92588
Sondrio	2010	female	92803
Sondrio	2011	female	92565
Bergamo	2003	female	499572
Bergamo	2004	female	506136
Bergamo	2005	female	514046
Bergamo	2006	female	519110
Bergamo	2007	female	523998
Bergamo	2008	female	530269
Bergamo	2009	female	537278
Bergamo	2010	female	542660
Bergamo	2011	female	548290
Sondrio	2003	male	86507
Sondrio	2004	male	86885
Sondrio	2005	male	87283
Sondrio	2006	male	87536
Sondrio	2007	male	87710
Sondrio	2008	male	88048
Sondrio	2009	male	88316
Sondrio	2010	male	88391
Sondrio	2011	male	88416
Milano	2003	female	1923147
Milano	2004	female	1927634
Milano	2005	female	1948902
Milano	2006	female	1956686
Milano	2007	female	1960118
Milano	2008	female	1965098
Milano	2009	female	1971447
Milano	2010	female	1560373
Milano	2011	female	1573548
Mantova	2003	male	184109
Mantova	2004	male	186401
Mantova	2005	male	188760
Mantova	2006	male	190104
Mantova	2007	male	191578
Mantova	2008	male	194272
Mantova	2009	male	196838
Mantova	2010	male	197312
Mantova	2011	male	198177
Lecco	2003	female	160739
Lecco	2004	female	162364
Lecco	2005	female	163896
Lecco	2006	female	165272
Lecco	2007	female	166335
Lecco	2008	female	168001
Lecco	2009	female	169649
Lecco	2010	female	170587
Lecco	2011	female	171317
Bergamo	2003	male	483502
Bergamo	2004	male	492782
Bergamo	2005	male	502450
Bergamo	2006	male	508051
Bergamo	2007	male	512597
Bergamo	2008	male	519483
Bergamo	2009	male	527205
Bergamo	2010	male	530497
Bergamo	2011	male	534260
Pavia	2003	male	237597
Pavia	2004	male	240953
Pavia	2005	male	243516
Pavia	2006	male	245900
Pavia	2007	male	248415
Pavia	2008	male	252552
Pavia	2009	male	255936
Pavia	2010	male	257905
Pavia	2011	male	258054
Como	2003	female	278903
Como	2004	female	282036
Como	2005	female	285609
Como	2006	female	288232
Como	2007	female	290506
Como	2008	female	292991
Como	2009	female	295864
Como	2010	female	297420
Como	2011	female	299560
Milano	2003	male	1780089
Milano	2004	male	1785474
Milano	2005	male	1811818
Milano	2006	male	1819805
Milano	2007	male	1821525
Milano	2008	male	1827075
Milano	2009	male	1830608
Milano	2010	male	1435547
Milano	2011	male	1445765
Brescia	2003	male	550657
Brescia	2004	male	562492
Brescia	2005	male	572397
Brescia	2006	male	579359
Brescia	2007	male	585072
Brescia	2008	male	592394
Brescia	2009	male	599987
Brescia	2010	male	602772
Brescia	2011	male	606238
Bolzano / Bozen	2003	male	229503
Bolzano / Bozen	2004	male	231430
Bolzano / Bozen	2005	male	233884
Bolzano / Bozen	2006	male	236361
Bolzano / Bozen	2007	male	238995
Bolzano / Bozen	2008	male	241631
Bolzano / Bozen	2009	male	243483
Bolzano / Bozen	2010	male	245208
Bolzano / Bozen	2011	male	246944
Vicenza	2003	male	395285
Vicenza	2004	male	401843
Vicenza	2005	male	409047
Vicenza	2006	male	411789
Vicenza	2007	male	413682
Vicenza	2008	male	417003
Vicenza	2009	male	421088
Vicenza	2010	male	421853
Vicenza	2011	male	421945
Belluno	2003	female	109427
Belluno	2004	female	109965
Belluno	2005	female	110014
Belluno	2006	female	109734
Belluno	2007	female	109671
Belluno	2008	female	110146
Belluno	2009	female	110129
Belluno	2010	female	109695
Belluno	2011	female	109291
Trento	2003	male	234778
Trento	2004	male	237649
Trento	2005	male	241064
Trento	2006	male	243438
Trento	2007	male	245955
Trento	2008	male	248893
Trento	2009	male	251281
Trento	2010	male	252988
Trento	2011	male	254647
Verona	2003	male	406370
Verona	2004	male	412260
Verona	2005	male	417590
Verona	2006	male	421343
Verona	2007	male	425027
Verona	2008	male	432876
Verona	2009	male	437060
Verona	2010	male	438096
Verona	2011	male	438719
Vicenza	2003	female	408365
Vicenza	2004	female	413807
Vicenza	2005	female	418909
Vicenza	2006	female	422607
Vicenza	2007	female	425241
Vicenza	2008	female	429164
Vicenza	2009	female	433645
Vicenza	2010	female	435374
Vicenza	2011	female	436640
Bolzano / Bozen	2003	female	237182
Bolzano / Bozen	2004	female	238686
Bolzano / Bozen	2005	female	240684
Bolzano / Bozen	2006	female	242993
Bolzano / Bozen	2007	female	245285
Bolzano / Bozen	2008	female	248404
Bolzano / Bozen	2009	female	251076
Bolzano / Bozen	2010	female	253107
Bolzano / Bozen	2011	female	254871
Belluno	2003	male	100683
Belluno	2004	male	100975
Belluno	2005	male	101320
Belluno	2006	male	101315
Belluno	2007	male	101249
Belluno	2008	male	101985
Belluno	2009	male	102226
Belluno	2010	male	101791
Belluno	2011	male	101352
Trento	2003	female	246563
Trento	2004	female	249741
Trento	2005	female	252843
Trento	2006	female	255099
Trento	2007	female	257192
Trento	2008	female	260216
Trento	2009	female	263600
Trento	2010	female	265808
Trento	2011	female	267839
Verona	2003	female	427458
Verona	2004	female	431546
Verona	2005	female	435534
Verona	2006	female	439768
Verona	2007	female	444010
Verona	2008	female	451231
Verona	2009	female	456169
Verona	2010	female	458382
Verona	2011	female	460132
Pordenone	2003	female	147798
Pordenone	2004	female	149939
Pordenone	2005	female	151244
Pordenone	2006	female	152466
Pordenone	2007	female	154070
Pordenone	2008	female	156041
Pordenone	2009	female	158042
Pordenone	2010	female	158360
Pordenone	2011	female	158724
Pordenone	2003	male	141911
Pordenone	2004	male	143829
Pordenone	2005	male	145277
Pordenone	2006	male	146095
Pordenone	2007	male	147590
Pordenone	2008	male	149731
Pordenone	2009	male	151704
Pordenone	2010	male	151931
Pordenone	2011	male	152044
Treviso	2003	female	410615
Treviso	2004	female	418669
Treviso	2005	female	424527
Treviso	2006	female	428823
Treviso	2007	female	432098
Treviso	2008	female	438321
Treviso	2009	female	443201
Treviso	2010	female	444322
Treviso	2011	female	446535
Gorizia	2003	female	70963
Gorizia	2004	female	71286
Gorizia	2005	female	71494
Gorizia	2006	female	71679
Gorizia	2007	female	71885
Gorizia	2008	female	72358
Gorizia	2009	female	72496
Gorizia	2010	female	72557
Gorizia	2011	female	72443
Padova	2003	female	438791
Padova	2004	female	444961
Padova	2005	female	449553
Padova	2006	female	453037
Padova	2007	female	455937
Padova	2008	female	461614
Padova	2009	female	467112
Padova	2010	female	470108
Padova	2011	female	472778
Rovigo	2003	female	124979
Rovigo	2004	female	125645
Rovigo	2005	female	125720
Rovigo	2006	female	125588
Rovigo	2007	female	125408
Rovigo	2008	female	125908
Rovigo	2009	female	125958
Rovigo	2010	female	125629
Rovigo	2011	female	125393
Udine	2003	female	269628
Udine	2004	female	270798
Udine	2005	female	271801
Udine	2006	female	272279
Udine	2007	female	272984
Udine	2008	female	274936
Udine	2009	female	276855
Udine	2010	female	277015
Udine	2011	female	277113
Trieste	2003	male	112487
Trieste	2004	male	111791
Trieste	2005	male	111431
Trieste	2006	male	110862
Trieste	2007	male	110400
Trieste	2008	male	110409
Trieste	2009	male	110226
Trieste	2010	male	110082
Trieste	2011	male	109912
Udine	2003	male	251795
Udine	2004	male	253408
Udine	2005	male	254680
Udine	2006	male	255449
Udine	2007	male	256458
Udine	2008	male	258492
Udine	2009	male	259716
Udine	2010	male	259428
Udine	2011	male	259080
Venezia	2003	female	418426
Venezia	2004	female	420908
Venezia	2005	female	422901
Venezia	2006	female	423812
Venezia	2007	female	425488
Venezia	2008	female	429082
Venezia	2009	female	433149
Venezia	2010	female	435315
Venezia	2011	female	437629
Gorizia	2003	male	66215
Gorizia	2004	male	66618
Gorizia	2005	male	67311
Gorizia	2006	male	67669
Gorizia	2007	male	67749
Gorizia	2008	male	68137
Gorizia	2009	male	68350
Gorizia	2010	male	68358
Gorizia	2011	male	68020
Trieste	2003	female	127731
Trieste	2004	female	126724
Trieste	2005	female	125980
Trieste	2006	female	125023
Trieste	2007	female	124457
Trieste	2008	female	124242
Trieste	2009	female	124003
Trieste	2010	female	123838
Trieste	2011	female	123513
Venezia	2003	male	392721
Venezia	2004	male	394491
Venezia	2005	male	396934
Venezia	2006	male	398373
Venezia	2007	male	399894
Venezia	2008	male	403452
Venezia	2009	male	406954
Venezia	2010	male	408470
Venezia	2011	male	408558
Rovigo	2003	male	116984
Rovigo	2004	male	117493
Rovigo	2005	male	117909
Rovigo	2006	male	117968
Rovigo	2007	male	117706
Rovigo	2008	male	118241
Rovigo	2009	male	118305
Rovigo	2010	male	117929
Rovigo	2011	male	117483
Treviso	2003	male	395776
Treviso	2004	male	404458
Treviso	2005	male	412160
Treviso	2006	male	416581
Treviso	2007	male	419402
Treviso	2008	male	424814
Treviso	2009	male	428705
Treviso	2010	male	428983
Treviso	2011	male	428883
Padova	2003	male	416301
Padova	2004	male	421994
Padova	2005	male	427287
Padova	2006	male	431213
Padova	2007	male	434098
Padova	2008	male	439486
Padova	2009	male	443918
Padova	2010	male	445986
Padova	2011	male	446620
Piacenza	2003	male	128258
Piacenza	2004	male	129905
Piacenza	2005	male	131225
Piacenza	2006	male	132084
Piacenza	2007	male	132974
Piacenza	2008	male	134398
Piacenza	2009	male	136532
Piacenza	2010	male	137116
Piacenza	2011	male	137571
Parma	2003	male	191049
Parma	2004	male	193191
Parma	2005	male	195892
Parma	2006	male	196997
Parma	2007	male	197855
Parma	2008	male	199779
Parma	2009	male	202948
Parma	2010	male	204353
Parma	2011	male	205659
Piacenza	2003	female	137006
Piacenza	2004	female	138504
Piacenza	2005	female	139698
Piacenza	2006	female	140596
Piacenza	2007	female	141618
Piacenza	2008	female	143185
Piacenza	2009	female	145126
Piacenza	2010	female	145943
Piacenza	2011	female	146459
Reggio nell'Emilia	2003	male	225626
Reggio nell'Emilia	2004	male	230008
Reggio nell'Emilia	2005	male	234991
Reggio nell'Emilia	2006	male	238268
Reggio nell'Emilia	2007	male	241326
Reggio nell'Emilia	2008	male	245417
Reggio nell'Emilia	2009	male	249315
Reggio nell'Emilia	2010	male	250800
Reggio nell'Emilia	2011	male	252173
Forlì-Cesena	2003	female	185631
Forlì-Cesena	2004	female	187418
Forlì-Cesena	2005	female	189227
Forlì-Cesena	2006	female	190461
Forlì-Cesena	2007	female	191797
Forlì-Cesena	2008	female	194333
Forlì-Cesena	2009	female	196724
Forlì-Cesena	2010	female	198802
Forlì-Cesena	2011	female	200235
Modena	2003	male	312615
Modena	2004	male	316084
Modena	2005	male	319979
Modena	2006	male	321813
Modena	2007	male	323247
Modena	2008	male	325355
Modena	2009	male	329524
Modena	2010	male	331385
Modena	2011	male	332566
Ferrara	2003	male	164345
Ferrara	2004	male	164718
Ferrara	2005	male	165423
Ferrara	2006	male	166298
Ferrara	2007	male	167103
Ferrara	2008	male	168183
Ferrara	2009	male	168995
Ferrara	2010	male	168957
Ferrara	2011	male	168735
Ravenna	2003	female	181545
Ravenna	2004	female	183315
Ravenna	2005	female	185122
Ravenna	2006	female	186995
Ravenna	2007	female	188802
Ravenna	2008	female	191975
Ravenna	2009	female	195252
Ravenna	2010	female	197121
Ravenna	2011	female	198520
Rimini	2003	female	141742
Rimini	2004	female	143476
Rimini	2005	female	145509
Rimini	2006	female	146884
Rimini	2007	female	148762
Rimini	2008	female	150676
Rimini	2009	female	153086
Rimini	2010	female	164146
Rimini	2011	female	165972
Bologna	2003	male	440533
Bologna	2004	male	443709
Bologna	2005	male	447531
Bologna	2006	male	449710
Bologna	2007	male	452095
Bologna	2008	male	456633
Bologna	2009	male	461378
Bologna	2010	male	463958
Bologna	2011	male	465132
Ferrara	2003	female	179629
Ferrara	2004	female	180340
Ferrara	2005	female	181356
Ferrara	2006	female	181766
Ferrara	2007	female	182250
Ferrara	2008	female	183586
Ferrara	2009	female	184624
Ferrara	2010	female	185066
Ferrara	2011	female	185539
Parma	2003	female	204514
Parma	2004	female	206527
Parma	2005	female	208902
Parma	2006	female	210266
Parma	2007	female	211369
Parma	2008	female	213836
Parma	2009	female	217429
Parma	2010	female	218942
Parma	2011	female	220760
Modena	2003	female	328119
Modena	2004	female	331499
Modena	2005	female	334581
Modena	2006	female	336160
Modena	2007	female	338017
Modena	2008	female	341639
Modena	2009	female	346442
Modena	2010	female	349127
Modena	2011	female	351939
Ravenna	2003	male	169221
Ravenna	2004	male	171302
Ravenna	2005	male	173737
Ravenna	2006	male	175586
Ravenna	2007	male	177366
Ravenna	2008	male	180226
Ravenna	2009	male	182770
Ravenna	2010	male	184197
Ravenna	2011	male	185035
Rimini	2003	male	133522
Rimini	2004	male	135130
Rimini	2005	male	136808
Rimini	2006	male	138342
Rimini	2007	male	140003
Rimini	2008	male	141762
Rimini	2009	male	143511
Rimini	2010	male	153647
Rimini	2011	male	154641
Reggio nell'Emilia	2003	female	235010
Reggio nell'Emilia	2004	female	239614
Reggio nell'Emilia	2005	female	243801
Reggio nell'Emilia	2006	female	247165
Reggio nell'Emilia	2007	female	250052
Reggio nell'Emilia	2008	female	254269
Reggio nell'Emilia	2009	female	258466
Reggio nell'Emilia	2010	female	261083
Reggio nell'Emilia	2011	female	263700
Bologna	2003	female	478077
Bologna	2004	female	481488
Bologna	2005	female	485346
Bologna	2006	female	487330
Bologna	2007	female	489268
Bologna	2008	female	494054
Bologna	2009	female	499927
Bologna	2010	female	503599
Bologna	2011	female	507359
Forlì-Cesena	2003	male	176032
Forlì-Cesena	2004	male	178370
Forlì-Cesena	2005	male	180424
Forlì-Cesena	2006	male	182036
Forlì-Cesena	2007	male	183120
Forlì-Cesena	2008	male	185071
Forlì-Cesena	2009	male	186968
Forlì-Cesena	2010	male	188442
Forlì-Cesena	2011	male	189348
Lucca	2003	female	194320
Lucca	2004	female	195124
Lucca	2005	female	196102
Lucca	2006	female	196610
Lucca	2007	female	196964
Lucca	2008	female	199095
Lucca	2009	female	200540
Lucca	2010	female	201395
Lucca	2011	female	201979
Firenze	2003	male	445742
Firenze	2004	male	448452
Firenze	2005	male	452090
Firenze	2006	male	452866
Firenze	2007	male	453784
Firenze	2008	male	455642
Firenze	2009	male	458513
Firenze	2010	male	461038
Firenze	2011	male	462391
Prato	2003	male	112362
Prato	2004	male	113404
Prato	2005	male	115556
Prato	2006	male	117587
Prato	2007	male	118823
Prato	2008	male	119251
Prato	2009	male	119067
Prato	2010	male	119414
Prato	2011	male	119390
Arezzo	2003	male	157872
Arezzo	2004	male	159738
Arezzo	2005	male	161076
Arezzo	2006	male	161736
Arezzo	2007	male	162137
Arezzo	2008	male	164270
Arezzo	2009	male	165943
Arezzo	2010	male	166340
Arezzo	2011	male	166550
Pistoia	2003	male	129951
Pistoia	2004	male	131448
Pistoia	2005	male	132994
Pistoia	2006	male	133749
Pistoia	2007	male	134638
Pistoia	2008	male	136300
Pistoia	2009	male	137709
Pistoia	2010	male	138079
Pistoia	2011	male	138104
Firenze	2003	female	489249
Firenze	2004	female	491630
Firenze	2005	female	494006
Firenze	2006	female	493701
Firenze	2007	female	494832
Firenze	2008	female	497872
Firenze	2009	female	501288
Firenze	2010	female	505144
Firenze	2011	female	507888
Lucca	2003	male	178701
Lucca	2004	male	179812
Lucca	2005	male	180962
Lucca	2006	male	181570
Lucca	2007	male	181990
Lucca	2008	male	183872
Lucca	2009	male	185179
Lucca	2010	male	185912
Lucca	2011	male	186194
Massa-Carrara	2003	female	102730
Massa-Carrara	2004	female	102902
Massa-Carrara	2005	female	103126
Massa-Carrara	2006	female	102956
Massa-Carrara	2007	female	102792
Massa-Carrara	2008	female	103623
Massa-Carrara	2009	female	104111
Massa-Carrara	2010	female	103973
Massa-Carrara	2011	female	104047
Livorno	2003	male	156391
Livorno	2004	male	157106
Livorno	2005	male	157777
Livorno	2006	male	158051
Livorno	2007	male	158281
Livorno	2008	male	159324
Livorno	2009	male	159836
Livorno	2010	male	160090
Livorno	2011	male	160422
Pisa	2003	male	186549
Pisa	2004	male	188296
Pisa	2005	male	189376
Pisa	2006	male	190412
Pisa	2007	male	191437
Pisa	2008	male	194086
Pisa	2009	male	195836
Pisa	2010	male	197064
Pisa	2011	male	198196
Pistoia	2003	female	140348
Pistoia	2004	female	141716
Pistoia	2005	female	143171
Pistoia	2006	female	144175
Pistoia	2007	female	144995
Pistoia	2008	female	147255
Pistoia	2009	female	148934
Pistoia	2010	female	149626
Pistoia	2011	female	149993
Prato	2003	female	118373
Prato	2004	female	119475
Prato	2005	female	121146
Prato	2006	female	122759
Prato	2007	female	124028
Prato	2008	female	124744
Prato	2009	female	125043
Prato	2010	female	125821
Prato	2011	female	126495
Pisa	2003	female	198387
Pisa	2004	female	200162
Pisa	2005	female	201442
Pisa	2006	female	202553
Pisa	2007	female	203743
Pisa	2008	female	206695
Pisa	2009	female	208655
Pisa	2010	female	210382
Pisa	2011	female	212075
Massa-Carrara	2003	male	94530
Massa-Carrara	2004	male	94809
Massa-Carrara	2005	male	95051
Massa-Carrara	2006	male	95018
Massa-Carrara	2007	male	94968
Massa-Carrara	2008	male	95641
Massa-Carrara	2009	male	96151
Massa-Carrara	2010	male	95965
Massa-Carrara	2011	male	95924
Livorno	2003	female	170300
Livorno	2004	female	170745
Livorno	2005	female	171473
Livorno	2006	female	171866
Livorno	2007	female	172072
Livorno	2008	female	173208
Livorno	2009	female	173807
Livorno	2010	female	174290
Livorno	2011	female	175032
Arezzo	2003	female	166999
Arezzo	2004	female	168737
Arezzo	2005	female	170091
Arezzo	2006	female	170999
Arezzo	2007	female	171711
Arezzo	2008	female	174360
Arezzo	2009	female	176117
Arezzo	2010	female	176524
Arezzo	2011	female	177035
Ancona	2003	female	233458
Ancona	2004	female	235840
Ancona	2005	female	237635
Ancona	2006	female	238782
Ancona	2007	female	239367
Ancona	2008	female	241315
Ancona	2009	female	243597
Ancona	2010	female	244383
Ancona	2011	female	245535
Macerata	2003	female	156462
Macerata	2004	female	158103
Macerata	2005	female	159016
Macerata	2006	female	159906
Macerata	2007	female	160541
Macerata	2008	female	162374
Macerata	2009	female	163737
Macerata	2010	female	164774
Macerata	2011	female	164819
Grosseto	2003	male	101193
Grosseto	2004	male	101760
Grosseto	2005	male	102564
Grosseto	2006	male	102865
Grosseto	2007	male	103227
Grosseto	2008	male	104213
Grosseto	2009	male	105054
Grosseto	2010	male	105309
Grosseto	2011	male	105479
Pesaro e Urbino	2003	female	180637
Pesaro e Urbino	2004	female	183388
Pesaro e Urbino	2005	female	184955
Pesaro e Urbino	2006	female	186257
Pesaro e Urbino	2007	female	187400
Pesaro e Urbino	2008	female	191023
Pesaro e Urbino	2009	female	193663
Pesaro e Urbino	2010	female	185585
Pesaro e Urbino	2011	female	186136
Macerata	2003	male	147738
Macerata	2004	male	149680
Macerata	2005	male	151076
Macerata	2006	male	151746
Macerata	2007	male	151958
Macerata	2008	male	153346
Macerata	2009	male	154665
Macerata	2010	male	154849
Macerata	2011	male	154945
Siena	2003	male	122419
Siena	2004	male	123807
Siena	2005	male	124817
Siena	2006	male	125134
Siena	2007	male	125258
Siena	2008	male	126426
Siena	2009	male	127395
Siena	2010	male	127561
Siena	2011	male	127774
Perugia	2003	female	314679
Perugia	2004	female	319430
Perugia	2005	female	322766
Perugia	2006	female	325188
Perugia	2007	female	326659
Perugia	2008	female	331513
Perugia	2009	female	335484
Perugia	2010	female	337951
Perugia	2011	female	340082
Perugia	2003	male	295688
Perugia	2004	male	299241
Perugia	2005	male	302360
Perugia	2006	male	304339
Perugia	2007	male	305810
Perugia	2008	male	309317
Perugia	2009	male	312177
Perugia	2010	male	313805
Perugia	2011	male	314936
Grosseto	2003	female	109826
Grosseto	2004	female	110459
Grosseto	2005	female	111496
Grosseto	2006	female	111931
Grosseto	2007	female	112163
Grosseto	2008	female	113434
Grosseto	2009	female	114568
Grosseto	2010	female	114951
Grosseto	2011	female	115084
Siena	2003	female	130884
Siena	2004	female	132243
Siena	2005	female	133261
Siena	2006	female	133721
Siena	2007	female	134077
Siena	2008	female	135876
Siena	2009	female	137643
Siena	2010	female	138462
Siena	2011	female	138896
Terni	2003	male	105594
Terni	2004	male	106334
Terni	2005	male	106798
Terni	2006	male	107201
Terni	2007	male	107269
Terni	2008	male	108252
Terni	2009	male	108846
Terni	2010	male	109157
Terni	2011	male	109178
Pesaro e Urbino	2003	male	173552
Pesaro e Urbino	2004	male	175623
Pesaro e Urbino	2005	male	177486
Pesaro e Urbino	2006	male	179134
Pesaro e Urbino	2007	male	180276
Pesaro e Urbino	2008	male	183542
Pesaro e Urbino	2009	male	186213
Pesaro e Urbino	2010	male	177175
Pesaro e Urbino	2011	male	176906
Terni	2003	female	114341
Terni	2004	female	115562
Terni	2005	female	116146
Terni	2006	female	116531
Terni	2007	female	116413
Terni	2008	female	117848
Terni	2009	female	118754
Terni	2010	female	119289
Terni	2011	female	119814
Ancona	2003	male	217965
Ancona	2004	male	219976
Ancona	2005	male	221724
Ancona	2006	male	222972
Ancona	2007	male	223920
Ancona	2008	male	225513
Ancona	2009	male	227679
Ancona	2010	male	227839
Ancona	2011	male	228099
Roma	2003	male	1767740
Roma	2004	male	1778025
Roma	2005	male	1796885
Roma	2006	male	1806418
Roma	2007	male	1818681
Roma	2008	male	1840580
Roma	2009	male	1860753
Roma	2010	male	1877229
Roma	2011	male	1894065
Latina	2003	male	241641
Latina	2004	male	244296
Latina	2005	male	247647
Latina	2006	male	249709
Latina	2007	male	251291
Latina	2008	male	255241
Latina	2009	male	259395
Latina	2010	male	262385
Latina	2011	male	264458
Roma	2003	female	1947462
Roma	2004	female	1961742
Roma	2005	female	1980789
Roma	2006	female	1992212
Roma	2007	female	2005274
Roma	2008	female	2030203
Roma	2009	female	2051961
Roma	2010	female	2068065
Roma	2011	female	2085071
Rieti	2003	female	75969
Rieti	2004	female	76492
Rieti	2005	female	76960
Rieti	2006	female	77414
Rieti	2007	female	77569
Rieti	2008	female	78376
Rieti	2009	female	79382
Rieti	2010	female	79646
Rieti	2011	female	79585
Latina	2003	female	253345
Latina	2004	female	256091
Latina	2005	female	258813
Latina	2006	female	261179
Latina	2007	female	263314
Latina	2008	female	267676
Latina	2009	female	272099
Latina	2010	female	275285
Latina	2011	female	277168
Ascoli Piceno	2003	male	180543
Ascoli Piceno	2004	male	182345
Ascoli Piceno	2005	male	183483
Ascoli Piceno	2006	male	184054
Ascoli Piceno	2007	male	184469
Ascoli Piceno	2008	male	185833
Ascoli Piceno	2009	male	186976
Ascoli Piceno	2010	male	102161
Ascoli Piceno	2011	male	101945
Viterbo	2003	male	140970
Viterbo	2004	male	142751
Viterbo	2005	male	144107
Viterbo	2006	male	145031
Viterbo	2007	male	145692
Viterbo	2008	male	148139
Viterbo	2009	male	150305
Viterbo	2010	male	151120
Viterbo	2011	male	151488
Ascoli Piceno	2003	female	190879
Ascoli Piceno	2004	female	192650
Ascoli Piceno	2005	female	193742
Ascoli Piceno	2006	female	194395
Ascoli Piceno	2007	female	194847
Ascoli Piceno	2008	female	196470
Ascoli Piceno	2009	female	197894
Ascoli Piceno	2010	female	108769
Ascoli Piceno	2011	female	108834
Rieti	2003	male	72025
Rieti	2004	male	72555
Rieti	2005	male	73118
Rieti	2006	male	73722
Rieti	2007	male	73959
Rieti	2008	male	74761
Rieti	2009	male	75698
Rieti	2010	male	76132
Rieti	2011	male	75946
Frosinone	2003	male	236574
Frosinone	2004	male	237306
Frosinone	2005	male	237940
Frosinone	2006	male	238368
Frosinone	2007	male	238361
Frosinone	2008	male	239883
Frosinone	2009	male	240966
Frosinone	2010	male	240724
Frosinone	2011	male	240667
Viterbo	2003	female	149264
Viterbo	2004	female	150920
Viterbo	2005	female	152157
Viterbo	2006	female	153158
Viterbo	2007	female	154177
Viterbo	2008	female	156704
Viterbo	2009	female	158997
Viterbo	2010	female	159793
Viterbo	2011	female	160550
Frosinone	2003	female	247837
Frosinone	2004	female	248551
Frosinone	2005	female	248943
Frosinone	2006	female	249294
Frosinone	2007	female	249315
Frosinone	2008	female	251024
Frosinone	2009	female	252281
Frosinone	2010	female	252584
Frosinone	2011	female	252574
Campobasso	2003	female	118434
Campobasso	2004	female	118455
Campobasso	2005	female	118171
Campobasso	2006	female	117773
Campobasso	2007	female	117384
Campobasso	2008	female	117609
Campobasso	2009	female	117604
Campobasso	2010	female	116986
Campobasso	2011	female	116521
L'Aquila	2003	male	144165
L'Aquila	2004	male	145423
L'Aquila	2005	male	145801
L'Aquila	2006	male	145798
L'Aquila	2007	male	145382
L'Aquila	2008	male	146127
L'Aquila	2009	male	146193
L'Aquila	2010	male	145699
L'Aquila	2011	male	145360
Teramo	2003	female	147822
Teramo	2004	female	149171
Teramo	2005	female	150388
Teramo	2006	female	151643
Teramo	2007	female	152437
Teramo	2008	female	154304
Teramo	2009	female	155814
Teramo	2010	female	156560
Teramo	2011	female	156767
Campobasso	2003	male	111937
Campobasso	2004	male	112070
Campobasso	2005	male	111920
Campobasso	2006	male	111521
Campobasso	2007	male	111323
Campobasso	2008	male	111450
Campobasso	2009	male	111326
Campobasso	2010	male	110838
Campobasso	2011	male	110478
Caserta	2003	male	416264
Caserta	2004	male	419846
Caserta	2005	male	424426
Caserta	2006	male	426776
Caserta	2007	male	428597
Caserta	2008	male	431477
Caserta	2009	male	434222
Caserta	2010	male	436511
Caserta	2011	male	439628
L'Aquila	2003	female	152749
L'Aquila	2004	female	154061
L'Aquila	2005	female	154279
L'Aquila	2006	female	154382
L'Aquila	2007	female	153843
L'Aquila	2008	female	154613
L'Aquila	2009	female	154860
L'Aquila	2010	female	153855
L'Aquila	2011	female	153528
Pescara	2003	female	153595
Pescara	2004	female	154725
Pescara	2005	female	155758
Pescara	2006	female	156589
Pescara	2007	female	157257
Pescara	2008	female	159805
Pescara	2009	female	161543
Pescara	2010	female	162529
Pescara	2011	female	163313
Benevento	2003	female	147235
Benevento	2004	female	147574
Benevento	2005	female	147828
Benevento	2006	female	147834
Benevento	2007	female	147465
Benevento	2008	female	147742
Benevento	2009	female	147840
Benevento	2010	female	147537
Benevento	2011	female	147136
Isernia	2003	female	46029
Isernia	2004	female	45832
Isernia	2005	female	45707
Isernia	2006	female	45509
Isernia	2007	female	45283
Isernia	2008	female	45346
Isernia	2009	female	45130
Isernia	2010	female	44969
Isernia	2011	female	44731
Caserta	2003	female	437067
Caserta	2004	female	440955
Caserta	2005	female	446407
Caserta	2006	female	449109
Caserta	2007	female	451714
Caserta	2008	female	454811
Caserta	2009	female	457650
Caserta	2010	female	459905
Caserta	2011	female	462888
Pescara	2003	male	143176
Pescara	2004	male	144127
Pescara	2005	male	144989
Pescara	2006	male	145936
Pescara	2007	male	146768
Pescara	2008	male	148520
Pescara	2009	male	149835
Pescara	2010	male	150619
Pescara	2011	male	150946
Chieti	2003	female	196786
Chieti	2004	female	197359
Chieti	2005	female	197916
Chieti	2006	female	197595
Chieti	2007	female	197360
Chieti	2008	female	198948
Chieti	2009	female	199808
Chieti	2010	female	199904
Chieti	2011	female	199597
Benevento	2003	male	138871
Benevento	2004	male	139163
Benevento	2005	male	139577
Benevento	2006	male	139494
Benevento	2007	male	139211
Benevento	2008	male	139339
Benevento	2009	male	139467
Benevento	2010	male	138942
Benevento	2011	male	138672
Teramo	2003	male	141055
Teramo	2004	male	142506
Teramo	2005	male	143810
Teramo	2006	male	144960
Teramo	2007	male	145780
Teramo	2008	male	147444
Teramo	2009	male	148939
Teramo	2010	male	149635
Teramo	2011	male	149336
Chieti	2003	male	185778
Chieti	2004	male	186620
Chieti	2005	male	187103
Chieti	2006	male	186927
Chieti	2007	male	186629
Chieti	2008	male	188230
Chieti	2009	male	189037
Chieti	2010	male	188977
Chieti	2011	male	188426
Isernia	2003	male	43818
Isernia	2004	male	43798
Isernia	2005	male	43685
Isernia	2006	male	43494
Isernia	2007	male	43216
Isernia	2008	male	43250
Isernia	2009	male	42895
Isernia	2010	male	42743
Isernia	2011	male	42612
Salerno	2003	male	523964
Salerno	2004	male	525505
Salerno	2005	male	527792
Salerno	2006	male	527974
Salerno	2007	male	526914
Salerno	2008	male	528613
Salerno	2009	male	529819
Salerno	2010	male	530201
Salerno	2011	male	531274
Salerno	2003	female	548892
Salerno	2004	female	551452
Salerno	2005	female	554865
Salerno	2006	female	555391
Salerno	2007	female	554941
Salerno	2008	female	557663
Salerno	2009	female	559598
Salerno	2010	female	559829
Salerno	2011	female	560710
Foggia	2003	male	336410
Foggia	2004	male	334976
Foggia	2005	male	333370
Foggia	2006	male	331165
Foggia	2007	male	328741
Foggia	2008	male	328275
Foggia	2009	male	327316
Foggia	2010	male	306900
Foggia	2011	male	306300
Bari	2003	male	764464
Bari	2004	male	767935
Bari	2005	male	771517
Bari	2006	male	772651
Bari	2007	male	773500
Bari	2008	male	775137
Bari	2009	male	776277
Bari	2010	male	604857
Bari	2011	male	606728
Brindisi	2003	male	192621
Brindisi	2004	male	192271
Brindisi	2005	male	192082
Brindisi	2006	male	192172
Brindisi	2007	male	191739
Brindisi	2008	male	191897
Brindisi	2009	male	191982
Brindisi	2010	male	192302
Brindisi	2011	male	192643
Lecce	2003	female	413235
Lecce	2004	female	413819
Lecce	2005	female	415363
Lecce	2006	female	415792
Lecce	2007	female	416529
Lecce	2008	female	417952
Lecce	2009	female	418523
Lecce	2010	female	418967
Lecce	2011	female	419590
Avellino	2003	female	218912
Avellino	2004	female	220307
Avellino	2005	female	221254
Avellino	2006	female	220875
Avellino	2007	female	220682
Avellino	2008	female	221252
Avellino	2009	female	221257
Avellino	2010	female	220741
Avellino	2011	female	220210
Napoli	2003	male	1486329
Napoli	2004	male	1487626
Napoli	2005	male	1487639
Napoli	2006	male	1483308
Napoli	2007	male	1479769
Napoli	2008	male	1479121
Napoli	2009	male	1474078
Napoli	2010	male	1476340
Napoli	2011	male	1476228
Avellino	2003	male	210187
Avellino	2004	male	211052
Avellino	2005	male	211728
Avellino	2006	male	211488
Avellino	2007	male	210941
Avellino	2008	male	211231
Avellino	2009	male	211255
Avellino	2010	male	210459
Avellino	2011	male	210114
Foggia	2003	female	350882
Foggia	2004	female	349883
Foggia	2005	female	348570
Foggia	2006	female	346942
Foggia	2007	female	344863
Foggia	2008	female	344994
Foggia	2009	female	344214
Foggia	2010	female	322886
Foggia	2011	female	322002
Taranto	2003	female	298066
Taranto	2004	female	298193
Taranto	2005	female	299099
Taranto	2006	female	299295
Taranto	2007	female	299662
Taranto	2008	female	300701
Taranto	2009	female	301102
Taranto	2010	female	301776
Taranto	2011	female	301578
Napoli	2003	female	1571575
Napoli	2004	female	1577041
Napoli	2005	female	1581492
Napoli	2006	female	1579134
Napoli	2007	female	1577649
Napoli	2008	female	1579032
Napoli	2009	female	1575196
Napoli	2010	female	1577910
Napoli	2011	female	1578990
Taranto	2003	male	281787
Taranto	2004	male	281964
Taranto	2005	male	282532
Taranto	2006	male	282581
Taranto	2007	male	282990
Taranto	2008	male	283499
Taranto	2009	male	283695
Taranto	2010	male	283758
Taranto	2011	male	283435
Brindisi	2003	female	208522
Brindisi	2004	female	208264
Brindisi	2005	female	208199
Brindisi	2006	female	208099
Brindisi	2007	female	207780
Brindisi	2008	female	207988
Brindisi	2009	female	207996
Brindisi	2010	female	208167
Brindisi	2011	female	208284
Bari	2003	female	798637
Bari	2004	female	801273
Bari	2005	female	804634
Bari	2006	female	806081
Bari	2007	female	807073
Bari	2008	female	809673
Bari	2009	female	811586
Bari	2010	female	636765
Bari	2011	female	639476
Lecce	2003	male	375408
Lecce	2004	male	376205
Lecce	2005	male	377759
Lecce	2006	male	378627
Lecce	2007	male	379253
Lecce	2008	male	380508
Lecce	2009	male	381136
Lecce	2010	male	381576
Lecce	2011	male	382339
Matera	2003	female	103121
Matera	2004	female	102933
Matera	2005	female	102871
Matera	2006	female	102488
Matera	2007	female	101969
Matera	2008	female	102239
Matera	2009	female	102246
Matera	2010	female	102122
Matera	2011	female	102058
Crotone	2003	female	87789
Crotone	2004	female	87866
Crotone	2005	female	87655
Crotone	2006	female	87186
Crotone	2007	female	86886
Crotone	2008	female	87155
Crotone	2009	female	87255
Crotone	2010	female	87239
Crotone	2011	female	87536
Catanzaro	2003	female	188684
Catanzaro	2004	female	188477
Catanzaro	2005	female	187622
Catanzaro	2006	female	186775
Catanzaro	2007	female	185942
Catanzaro	2008	female	186416
Catanzaro	2009	female	186462
Catanzaro	2010	female	186237
Catanzaro	2011	female	185955
Reggio di Calabria	2003	male	272483
Reggio di Calabria	2004	male	273042
Reggio di Calabria	2005	male	271699
Reggio di Calabria	2006	male	270113
Reggio di Calabria	2007	male	268511
Reggio di Calabria	2008	male	269527
Reggio di Calabria	2009	male	268511
Reggio di Calabria	2010	male	267460
Reggio di Calabria	2011	male	267798
Catanzaro	2003	male	178827
Catanzaro	2004	male	178491
Catanzaro	2005	male	177374
Catanzaro	2006	male	176229
Catanzaro	2007	male	175386
Catanzaro	2008	male	175550
Catanzaro	2009	male	175221
Catanzaro	2010	male	174879
Catanzaro	2011	male	174608
Vibo Valentia	2003	female	85676
Vibo Valentia	2004	female	85533
Vibo Valentia	2005	female	85030
Vibo Valentia	2006	female	84741
Vibo Valentia	2007	female	84306
Vibo Valentia	2008	female	84275
Vibo Valentia	2009	female	83969
Vibo Valentia	2010	female	83522
Vibo Valentia	2011	female	83189
Potenza	2003	female	199572
Potenza	2004	female	199233
Potenza	2005	female	198786
Potenza	2006	female	197608
Potenza	2007	female	196410
Potenza	2008	female	196084
Potenza	2009	female	195585
Potenza	2010	female	194725
Potenza	2011	female	193872
Reggio di Calabria	2003	female	287919
Reggio di Calabria	2004	female	288611
Reggio di Calabria	2005	female	287898
Reggio di Calabria	2006	female	286523
Reggio di Calabria	2007	female	285266
Reggio di Calabria	2008	female	286853
Reggio di Calabria	2009	female	285860
Reggio di Calabria	2010	female	284748
Reggio di Calabria	2011	female	284384
Crotone	2003	male	84196
Crotone	2004	male	84140
Crotone	2005	male	83850
Crotone	2006	male	83318
Crotone	2007	male	82988
Crotone	2008	male	83139
Crotone	2009	male	83228
Crotone	2010	male	83380
Crotone	2011	male	83511
Vibo Valentia	2003	male	83849
Vibo Valentia	2004	male	83718
Vibo Valentia	2005	male	82982
Vibo Valentia	2006	male	82739
Vibo Valentia	2007	male	82170
Vibo Valentia	2008	male	82050
Vibo Valentia	2009	male	81542
Vibo Valentia	2010	male	81146
Vibo Valentia	2011	male	80827
Cosenza	2003	female	371796
Cosenza	2004	female	371606
Cosenza	2005	female	369949
Cosenza	2006	female	367889
Cosenza	2007	female	365901
Cosenza	2008	female	367807
Cosenza	2009	female	367877
Cosenza	2010	female	367554
Cosenza	2011	female	366323
Matera	2003	male	100090
Matera	2004	male	99957
Matera	2005	male	99741
Matera	2006	male	99368
Matera	2007	male	98858
Matera	2008	male	98820
Matera	2009	male	98647
Matera	2010	male	98247
Matera	2011	male	98166
Cosenza	2003	male	357842
Cosenza	2004	male	357308
Cosenza	2005	male	355442
Cosenza	2006	male	352877
Cosenza	2007	male	350276
Cosenza	2008	male	351286
Cosenza	2009	male	350855
Cosenza	2010	male	350171
Cosenza	2011	male	348725
Potenza	2003	male	192287
Potenza	2004	male	192016
Potenza	2005	male	191252
Potenza	2006	male	190016
Potenza	2007	male	188495
Potenza	2008	male	187728
Potenza	2009	male	187078
Potenza	2010	male	186046
Potenza	2011	male	185262
Trapani	2003	male	205784
Trapani	2004	male	206138
Trapani	2005	male	206613
Trapani	2006	male	206708
Trapani	2007	male	206806
Trapani	2008	male	207407
Trapani	2009	male	207380
Trapani	2010	male	207772
Trapani	2011	male	208265
Siracusa	2003	female	201755
Siracusa	2004	female	201956
Siracusa	2005	female	202169
Siracusa	2006	female	202180
Siracusa	2007	female	202137
Siracusa	2008	female	202967
Siracusa	2009	female	203561
Siracusa	2010	female	203846
Siracusa	2011	female	204226
Messina	2003	male	316113
Messina	2004	male	316008
Messina	2005	male	315400
Messina	2006	male	314303
Messina	2007	male	313387
Messina	2008	male	313092
Messina	2009	male	313232
Messina	2010	male	313064
Messina	2011	male	313317
Ragusa	2003	female	151294
Ragusa	2004	female	151842
Ragusa	2005	female	152281
Ragusa	2006	female	152620
Ragusa	2007	female	152976
Ragusa	2008	female	154144
Ragusa	2009	female	155135
Ragusa	2010	female	155956
Ragusa	2011	female	156681
Palermo	2003	male	594993
Palermo	2004	male	594985
Palermo	2005	male	594839
Palermo	2006	male	594476
Palermo	2007	male	594840
Palermo	2008	male	595478
Palermo	2009	male	595953
Palermo	2010	male	597667
Palermo	2011	male	599458
Palermo	2003	female	639398
Palermo	2004	female	638881
Palermo	2005	female	639192
Palermo	2006	female	639183
Palermo	2007	female	640308
Palermo	2008	female	641851
Palermo	2009	female	643027
Palermo	2010	female	643347
Palermo	2011	female	644781
Agrigento	2003	female	231018
Agrigento	2004	female	231379
Agrigento	2005	female	231121
Agrigento	2006	female	230894
Agrigento	2007	female	230239
Agrigento	2008	female	230791
Agrigento	2009	female	230883
Agrigento	2010	female	230830
Agrigento	2011	female	230678
Catania	2003	male	509065
Catania	2004	male	511854
Catania	2005	male	513247
Catania	2006	male	515026
Catania	2007	male	515383
Catania	2008	male	517129
Catania	2009	male	518421
Catania	2010	male	519636
Catania	2011	male	520731
Agrigento	2003	male	216453
Agrigento	2004	male	216559
Agrigento	2005	male	216189
Agrigento	2006	male	215949
Agrigento	2007	male	215222
Agrigento	2008	male	215615
Agrigento	2009	male	215671
Agrigento	2010	male	215954
Agrigento	2011	male	216219
Caltanissetta	2003	female	141377
Caltanissetta	2004	female	141307
Caltanissetta	2005	female	141276
Caltanissetta	2006	female	141045
Caltanissetta	2007	female	140784
Caltanissetta	2008	female	141018
Caltanissetta	2009	female	141325
Caltanissetta	2010	female	141559
Caltanissetta	2011	female	141666
Catania	2003	female	545415
Catania	2004	female	547418
Catania	2005	female	549014
Catania	2006	female	551038
Catania	2007	female	551473
Catania	2008	female	554039
Catania	2009	female	555667
Catania	2010	female	557004
Catania	2011	female	557934
Siracusa	2003	male	193509
Siracusa	2004	male	193638
Siracusa	2005	male	193770
Siracusa	2006	male	193700
Siracusa	2007	male	193835
Siracusa	2008	male	195133
Siracusa	2009	male	196128
Siracusa	2010	male	196084
Siracusa	2011	male	196194
Caltanissetta	2003	male	131411
Caltanissetta	2004	male	131253
Caltanissetta	2005	male	131095
Caltanissetta	2006	male	130719
Caltanissetta	2007	male	130599
Caltanissetta	2008	male	130807
Caltanissetta	2009	male	131025
Caltanissetta	2010	male	131391
Caltanissetta	2011	male	131745
Enna	2003	female	91668
Enna	2004	female	91258
Enna	2005	female	90919
Enna	2006	female	90844
Enna	2007	female	90584
Enna	2008	female	90663
Enna	2009	female	90677
Enna	2010	female	90482
Enna	2011	female	90341
Trapani	2003	female	219451
Trapani	2004	female	219684
Trapani	2005	female	220099
Trapani	2006	female	220169
Trapani	2007	female	220234
Trapani	2008	female	221136
Trapani	2009	female	221385
Trapani	2010	female	221624
Trapani	2011	female	221662
Messina	2003	female	342235
Messina	2004	female	341926
Messina	2005	female	341217
Messina	2006	female	339974
Messina	2007	female	338873
Messina	2008	female	339087
Messina	2009	female	339414
Messina	2010	female	338728
Messina	2011	female	338196
Enna	2003	male	84746
Enna	2004	male	84388
Enna	2005	male	84194
Enna	2006	male	84115
Enna	2007	male	83905
Enna	2008	male	84038
Enna	2009	male	83895
Enna	2010	male	83796
Enna	2011	male	83530
Ragusa	2003	male	143843
Ragusa	2004	male	145159
Ragusa	2005	male	145988
Ragusa	2006	male	146212
Ragusa	2007	male	146396
Ragusa	2008	male	147131
Ragusa	2009	male	147809
Ragusa	2010	male	148689
Ragusa	2011	male	150033
Olbia-Tempio	2006	male	70488
Olbia-Tempio	2007	male	71137
Olbia-Tempio	2008	male	72740
Olbia-Tempio	2009	male	73765
Olbia-Tempio	2010	male	74038
Olbia-Tempio	2011	male	74340
Ogliastra	2006	male	28571
Ogliastra	2007	male	28528
Ogliastra	2008	male	28535
Ogliastra	2009	male	28553
Ogliastra	2010	male	28458
Ogliastra	2011	male	28341
Olbia-Tempio	2006	female	71522
Olbia-Tempio	2007	female	72240
Olbia-Tempio	2008	female	73815
Olbia-Tempio	2009	female	74957
Olbia-Tempio	2010	female	75483
Olbia-Tempio	2011	female	75872
Oristano	2003	female	77421
Oristano	2004	female	77316
Oristano	2005	female	77360
Oristano	2006	female	84835
Oristano	2007	female	84752
Oristano	2008	female	84542
Oristano	2009	female	84166
Oristano	2010	female	84039
Oristano	2011	female	83789
Ogliastra	2006	female	29225
Ogliastra	2007	female	29147
Ogliastra	2008	female	29142
Ogliastra	2009	female	29152
Ogliastra	2010	female	29123
Ogliastra	2011	female	29133
Sassari	2003	male	222630
Sassari	2004	male	223552
Sassari	2005	male	224279
Sassari	2006	male	158549
Sassari	2007	male	158690
Sassari	2008	male	158924
Sassari	2009	male	159374
Sassari	2010	male	159321
Sassari	2011	male	159575
Cagliari	2003	male	371197
Cagliari	2004	male	371228
Cagliari	2005	male	371356
Cagliari	2006	male	266326
Cagliari	2007	male	267054
Cagliari	2008	male	267271
Cagliari	2009	male	267604
Cagliari	2010	male	267458
Cagliari	2011	male	267710
Carbonia-Iglesias	2006	male	64080
Carbonia-Iglesias	2007	male	63813
Carbonia-Iglesias	2008	male	63754
Carbonia-Iglesias	2009	male	63571
Carbonia-Iglesias	2010	male	63355
Carbonia-Iglesias	2011	male	63100
Sassari	2003	female	232021
Sassari	2004	female	232952
Sassari	2005	female	233765
Sassari	2006	female	166804
Sassari	2007	female	167023
Sassari	2008	female	167666
Sassari	2009	female	168191
Sassari	2010	female	168348
Sassari	2011	female	168655
Nuoro	2003	female	133845
Nuoro	2004	female	133440
Nuoro	2005	female	133006
Nuoro	2006	female	82401
Nuoro	2007	female	82121
Nuoro	2008	female	82057
Nuoro	2009	female	81976
Nuoro	2010	female	81653
Nuoro	2011	female	81302
Oristano	2003	male	75036
Oristano	2004	male	74924
Oristano	2005	male	74939
Oristano	2006	male	81900
Oristano	2007	male	81740
Oristano	2008	male	81598
Oristano	2009	male	81294
Oristano	2010	male	80975
Oristano	2011	male	80900
Medio Campidano	2006	male	51303
Medio Campidano	2007	male	51122
Medio Campidano	2008	male	51023
Medio Campidano	2009	male	50783
Medio Campidano	2010	male	50523
Medio Campidano	2011	male	50321
Monza e della Brianza	2010	female	423498
Monza e della Brianza	2011	female	427922
Medio Campidano	2006	female	52321
Medio Campidano	2007	female	52146
Medio Campidano	2008	female	51958
Medio Campidano	2009	female	51735
Medio Campidano	2010	female	51551
Medio Campidano	2011	female	51446
Monza e della Brianza	2010	male	404743
Monza e della Brianza	2011	male	407320
Nuoro	2003	male	129601
Nuoro	2004	male	129458
Nuoro	2005	male	129232
Nuoro	2006	male	79352
Nuoro	2007	male	79217
Nuoro	2008	male	78967
Nuoro	2009	male	78835
Nuoro	2010	male	78556
Nuoro	2011	male	78419
Cagliari	2003	female	388529
Cagliari	2004	female	388550
Cagliari	2005	female	388753
Cagliari	2006	female	279858
Cagliari	2007	female	280549
Cagliari	2008	female	281520
Cagliari	2009	female	282449
Cagliari	2010	female	282509
Cagliari	2011	female	283063
Carbonia-Iglesias	2006	female	66491
Carbonia-Iglesias	2007	female	66369
Carbonia-Iglesias	2008	female	66254
Carbonia-Iglesias	2009	female	66178
Carbonia-Iglesias	2010	female	65957
Carbonia-Iglesias	2011	female	65715
Fermo	2010	female	89838
Fermo	2011	female	89955
Barletta-Andria-Trani	2010	female	197525
Barletta-Andria-Trani	2011	female	198187
Barletta-Andria-Trani	2010	male	192528
Barletta-Andria-Trani	2011	male	193106
Fermo	2010	male	84899
Fermo	2011	male	84776
Torino	2012	male	1078908
Torino	2013	male	1084528
Torino	2014	male	1109048
Torino	2015	male	1105608
Torino	2016	male	1101427
Torino	2017	male	1100562
Torino	2012	female	1164474
Torino	2013	female	1170192
Torino	2014	female	1188869
Torino	2015	female	1186111
Torino	2016	female	1180770
Torino	2017	female	1177295
Vercelli	2012	male	84980
Vercelli	2013	male	84852
Vercelli	2014	male	85345
Vercelli	2015	male	84877
Vercelli	2016	male	84422
Vercelli	2017	male	84210
Vercelli	2012	female	91596
Vercelli	2013	female	91455
Vercelli	2014	female	91764
Vercelli	2015	female	91244
Vercelli	2016	female	90482
Vercelli	2017	female	89658
Biella	2012	male	86697
Biella	2013	male	86536
Biella	2014	male	87082
Biella	2015	male	86480
Biella	2016	male	85885
Biella	2017	male	85499
Biella	2012	female	95171
Biella	2013	female	94890
Biella	2014	female	95243
Biella	2015	female	94609
Biella	2016	female	93800
Biella	2017	female	93052
Verbano-Cusio-Ossola	2012	male	77163
Verbano-Cusio-Ossola	2013	male	77240
Verbano-Cusio-Ossola	2014	male	77883
Verbano-Cusio-Ossola	2015	male	77668
Verbano-Cusio-Ossola	2016	male	77442
Verbano-Cusio-Ossola	2017	male	77366
Verbano-Cusio-Ossola	2012	female	82916
Verbano-Cusio-Ossola	2013	female	82903
Verbano-Cusio-Ossola	2014	female	83529
Verbano-Cusio-Ossola	2015	female	83215
Verbano-Cusio-Ossola	2016	female	82672
Verbano-Cusio-Ossola	2017	female	82298
Novara	2012	male	176273
Novara	2013	male	177176
Novara	2014	male	180032
Novara	2015	male	179955
Novara	2016	male	179711
Novara	2017	male	179840
Novara	2012	female	189013
Novara	2013	female	189846
Novara	2014	female	191654
Novara	2015	female	191463
Novara	2016	female	190814
Novara	2017	female	190303
Cuneo	2012	male	287698
Cuneo	2013	male	289215
Cuneo	2014	male	291139
Cuneo	2015	male	290904
Cuneo	2016	male	290074
Cuneo	2017	male	289868
Cuneo	2012	female	298415
Cuneo	2013	female	299887
Cuneo	2014	female	301226
Cuneo	2015	female	301156
Cuneo	2016	female	300347
Cuneo	2017	female	299240
Asti	2012	male	105253
Asti	2013	male	105671
Asti	2014	male	106875
Asti	2015	male	106638
Asti	2016	male	105851
Asti	2017	male	105659
Asti	2012	female	112154
Asti	2013	female	112307
Asti	2014	female	113113
Asti	2015	female	112654
Asti	2016	female	111723
Asti	2017	female	111018
Alessandria	2012	male	204880
Alessandria	2013	male	205358
Alessandria	2014	male	209166
Alessandria	2015	male	208164
Alessandria	2016	male	207080
Alessandria	2017	male	206399
Alessandria	2012	female	222072
Alessandria	2013	female	221996
Alessandria	2014	female	224830
Alessandria	2015	female	223721
Alessandria	2016	female	221746
Alessandria	2017	female	220259
Valle d'Aosta / Vallée d'Aoste	2012	male	61775
Valle d'Aosta / Vallée d'Aoste	2013	male	62391
Valle d'Aosta / Vallée d'Aoste	2014	male	62753
Valle d'Aosta / Vallée d'Aoste	2015	male	62564
Valle d'Aosta / Vallée d'Aoste	2016	male	62110
Valle d'Aosta / Vallée d'Aoste	2017	male	61976
Valle d'Aosta / Vallée d'Aoste	2012	female	64845
Valle d'Aosta / Vallée d'Aoste	2013	female	65453
Valle d'Aosta / Vallée d'Aoste	2014	female	65838
Valle d'Aosta / Vallée d'Aoste	2015	female	65734
Valle d'Aosta / Vallée d'Aoste	2016	female	65219
Valle d'Aosta / Vallée d'Aoste	2017	female	64907
Imperia	2012	male	101919
Imperia	2013	male	102268
Imperia	2014	male	104342
Imperia	2015	male	103886
Imperia	2016	male	103252
Imperia	2017	male	103381
Imperia	2012	female	112154
Imperia	2013	female	112022
Imperia	2014	female	113361
Imperia	2015	female	112932
Imperia	2016	female	111992
Imperia	2017	female	111749
Savona	2012	male	133065
Savona	2013	male	133451
Savona	2014	male	135240
Savona	2015	male	134836
Savona	2016	male	133995
Savona	2017	male	133593
Savona	2012	female	147560
Savona	2013	female	147386
Savona	2014	female	148573
Savona	2015	female	147771
Savona	2016	female	146712
Savona	2017	female	145815
Genova	2012	male	401355
Genova	2013	male	400249
Genova	2014	male	410200
Genova	2015	male	407643
Genova	2016	male	404143
Genova	2017	male	403271
Genova	2012	female	452584
Genova	2013	female	451034
Genova	2014	female	457846
Genova	2015	female	454532
Genova	2016	female	449956
Genova	2017	female	446800
La Spezia	2012	male	104119
La Spezia	2013	male	104325
La Spezia	2014	male	106546
La Spezia	2015	male	106280
La Spezia	2016	male	106118
La Spezia	2017	male	106107
La Spezia	2012	female	114583
La Spezia	2013	female	114392
La Spezia	2014	female	115831
La Spezia	2015	female	115383
La Spezia	2016	female	114885
La Spezia	2017	female	114591
Varese	2012	male	422400
Varese	2013	male	425531
Varese	2014	male	431534
Varese	2015	male	432704
Varese	2016	male	432727
Varese	2017	male	432795
Varese	2012	female	448934
Varese	2013	female	451429
Varese	2014	female	456463
Varese	2015	female	457530
Varese	2016	female	457363
Varese	2017	female	457248
Como	2012	male	286186
Como	2013	male	289213
Como	2014	male	292983
Como	2015	male	293530
Como	2016	male	293494
Como	2017	male	293861
Como	2012	female	300609
Como	2013	female	303291
Como	2014	female	305827
Como	2015	female	306375
Como	2016	female	306160
Como	2017	female	306329
Lecco	2012	male	164841
Lecco	2013	male	166123
Lecco	2014	male	167415
Lecco	2015	male	167195
Lecco	2016	male	166897
Lecco	2017	male	166975
Lecco	2012	female	171286
Lecco	2013	female	172302
Lecco	2014	female	173399
Lecco	2015	female	173056
Lecco	2016	female	172357
Lecco	2017	female	172263
Sondrio	2012	male	88304
Sondrio	2013	male	88510
Sondrio	2014	male	89245
Sondrio	2015	male	89012
Sondrio	2016	male	88854
Sondrio	2017	male	88922
Sondrio	2012	female	92462
Sondrio	2013	female	92591
Sondrio	2014	female	93235
Sondrio	2015	female	93074
Sondrio	2016	female	92858
Sondrio	2017	female	92515
Milano	2012	male	1453737
Milano	2013	male	1477111
Milano	2014	male	1533531
Milano	2015	male	1545121
Milano	2016	male	1552258
Milano	2017	male	1557612
Milano	2012	female	1581706
Milano	2013	female	1597972
Milano	2014	female	1642649
Milano	2015	female	1651704
Milano	2016	female	1656251
Milano	2017	female	1660589
Bergamo	2012	male	536513
Bergamo	2013	male	540582
Bergamo	2014	male	548492
Bergamo	2015	male	548992
Bergamo	2016	male	548643
Bergamo	2017	male	549853
Bergamo	2012	female	550377
Bergamo	2013	female	553480
Bergamo	2014	female	558949
Bergamo	2015	female	559861
Bergamo	2016	female	559655
Bergamo	2017	female	560080
Brescia	2012	male	607998
Brescia	2013	male	613115
Brescia	2014	male	621811
Brescia	2015	male	622658
Brescia	2016	male	621957
Brescia	2017	male	621253
Brescia	2012	female	630077
Brescia	2013	female	634077
Brescia	2014	female	640484
Brescia	2015	female	642419
Brescia	2016	female	642148
Brescia	2017	female	641425
Pavia	2012	male	258596
Pavia	2013	male	260854
Pavia	2014	male	266058
Pavia	2015	male	266468
Pavia	2016	male	266380
Pavia	2017	male	266487
Pavia	2012	female	277070
Pavia	2013	female	278715
Pavia	2014	female	282268
Pavia	2015	female	282254
Pavia	2016	female	281546
Pavia	2017	female	280764
Lodi	2012	male	109724
Lodi	2013	male	110925
Lodi	2014	male	112779
Lodi	2015	male	113033
Lodi	2016	male	112908
Lodi	2017	male	112928
Lodi	2012	female	113935
Lodi	2013	female	114873
Lodi	2014	female	116303
Lodi	2015	female	116543
Lodi	2016	female	116505
Lodi	2017	female	116410
Cremona	2012	male	174584
Cremona	2013	male	177085
Cremona	2014	male	177467
Cremona	2015	male	177276
Cremona	2016	male	176835
Cremona	2017	male	176295
Cremona	2012	female	182997
Cremona	2013	female	184727
Cremona	2014	female	184674
Cremona	2015	female	184334
Cremona	2016	female	183609
Cremona	2017	female	183093
Mantova	2012	male	198712
Mantova	2013	male	200683
Mantova	2014	male	202857
Mantova	2015	male	202886
Mantova	2016	male	202074
Mantova	2017	male	202255
Mantova	2012	female	209475
Mantova	2013	female	210652
Mantova	2014	female	212290
Mantova	2015	female	212033
Mantova	2016	female	210794
Mantova	2017	female	210355
Bolzano / Bozen	2012	male	248407
Bolzano / Bozen	2013	male	250924
Bolzano / Bozen	2014	male	254328
Bolzano / Bozen	2015	male	255792
Bolzano / Bozen	2016	male	256948
Bolzano / Bozen	2017	male	258948
Bolzano / Bozen	2012	female	256301
Bolzano / Bozen	2013	female	258702
Bolzano / Bozen	2014	female	261386
Bolzano / Bozen	2015	female	262726
Bolzano / Bozen	2016	female	263943
Bolzano / Bozen	2017	female	265308
Trento	2012	male	255832
Trento	2013	male	258826
Trento	2014	male	261985
Trento	2015	male	262556
Trento	2016	male	263270
Trento	2017	male	263650
Trento	2012	female	269045
Trento	2013	female	271482
Trento	2014	female	274252
Trento	2015	female	274860
Trento	2016	female	274953
Trento	2017	female	274954
Verona	2012	male	438913
Verona	2013	male	443036
Verona	2014	male	450649
Verona	2015	male	451585
Verona	2016	male	450945
Verona	2017	male	450834
Verona	2012	female	460904
Verona	2013	female	464316
Verona	2014	female	471068
Verona	2015	female	472079
Verona	2016	female	471438
Verona	2017	female	470723
Vicenza	2012	male	421620
Vicenza	2013	male	425239
Vicenza	2014	male	427630
Vicenza	2015	male	427609
Vicenza	2016	male	426324
Vicenza	2017	male	425318
Vicenza	2012	female	437112
Vicenza	2013	female	440182
Vicenza	2014	female	442183
Vicenza	2015	female	442109
Vicenza	2016	female	440990
Vicenza	2017	female	439764
Belluno	2012	male	101028
Belluno	2013	male	100993
Belluno	2014	male	101055
Belluno	2015	male	100307
Belluno	2016	male	99984
Belluno	2017	male	99604
Belluno	2012	female	108692
Belluno	2013	female	108371
Belluno	2014	female	108375
Belluno	2015	female	107587
Belluno	2016	female	106872
Belluno	2017	female	106177
Treviso	2012	male	428899
Treviso	2013	male	431455
Treviso	2014	male	434771
Treviso	2015	male	434261
Treviso	2016	male	433537
Treviso	2017	male	434507
Treviso	2012	female	447152
Treviso	2013	female	449790
Treviso	2014	female	452951
Treviso	2015	female	453032
Treviso	2016	female	451910
Treviso	2017	female	451465
Venezia	2012	male	408188
Venezia	2013	male	409066
Venezia	2014	male	414471
Venezia	2015	male	414708
Venezia	2016	male	413556
Venezia	2017	male	413281
Venezia	2012	female	438087
Venezia	2013	female	438917
Venezia	2014	female	443370
Venezia	2015	female	443490
Venezia	2016	female	442140
Venezia	2017	female	440994
Padova	2012	male	447127
Padova	2013	male	450646
Padova	2014	male	455081
Padova	2015	male	456229
Padova	2016	male	455528
Padova	2017	male	455386
Padova	2012	female	473768
Padova	2013	female	477202
Padova	2014	female	481152
Padova	2015	female	482067
Padova	2016	female	481359
Padova	2017	female	480888
Rovigo	2012	male	117214
Rovigo	2013	male	117502
Rovigo	2014	male	118378
Rovigo	2015	male	117659
Rovigo	2016	male	116648
Rovigo	2017	male	115637
Rovigo	2012	female	124953
Rovigo	2013	female	125041
Rovigo	2014	female	125684
Rovigo	2015	female	124874
Rovigo	2016	female	123892
Rovigo	2017	female	122951
Pordenone	2012	male	151895
Pordenone	2013	male	153003
Pordenone	2014	male	154007
Pordenone	2015	male	153610
Pordenone	2016	male	153032
Pordenone	2017	male	152551
Pordenone	2012	female	158716
Pordenone	2013	female	159908
Pordenone	2014	female	160637
Pordenone	2015	female	160362
Pordenone	2016	female	159762
Pordenone	2017	female	159500
Udine	2012	male	258378
Udine	2013	male	259253
Udine	2014	male	260177
Udine	2015	male	259397
Udine	2016	male	257766
Udine	2017	male	256808
Udine	2012	female	276566
Udine	2013	female	277369
Udine	2014	female	277766
Udine	2015	female	276783
Udine	2016	female	275516
Udine	2017	female	274658
Gorizia	2012	male	67727
Gorizia	2013	male	68284
Gorizia	2014	male	68775
Gorizia	2015	male	68828
Gorizia	2016	male	68679
Gorizia	2017	male	68327
Gorizia	2012	female	72187
Gorizia	2013	female	72366
Gorizia	2014	female	72301
Gorizia	2015	female	72069
Gorizia	2016	female	71589
Gorizia	2017	female	71346
Trieste	2012	male	109449
Trieste	2013	male	109263
Trieste	2014	male	111731
Trieste	2015	male	112172
Trieste	2016	male	111847
Trieste	2017	male	112065
Trieste	2012	female	122862
Trieste	2013	female	122414
Trieste	2014	female	123969
Trieste	2015	female	123901
Trieste	2016	female	123027
Trieste	2017	female	122617
Piacenza	2012	male	137757
Piacenza	2013	male	138971
Piacenza	2014	male	140232
Piacenza	2015	male	140027
Piacenza	2016	male	139544
Piacenza	2017	male	139667
Piacenza	2012	female	146683
Piacenza	2013	female	147365
Piacenza	2014	female	148251
Piacenza	2015	female	147986
Piacenza	2016	female	147453
Piacenza	2017	female	147091
Parma	2012	male	206001
Parma	2013	male	208237
Parma	2014	male	214933
Parma	2015	male	216110
Parma	2016	male	217573
Parma	2017	male	218409
Parma	2012	female	221163
Parma	2013	female	222812
Parma	2014	female	228243
Parma	2015	female	229284
Parma	2016	female	230206
Parma	2017	female	230490
Reggio nell'Emilia	2012	male	252871
Reggio nell'Emilia	2013	male	255413
Reggio nell'Emilia	2014	male	262203
Reggio nell'Emilia	2015	male	261508
Reggio nell'Emilia	2016	male	261456
Reggio nell'Emilia	2017	male	261370
Reggio nell'Emilia	2012	female	264901
Reggio nell'Emilia	2013	female	267055
Reggio nell'Emilia	2014	female	272055
Reggio nell'Emilia	2015	female	271740
Reggio nell'Emilia	2016	female	271416
Reggio nell'Emilia	2017	female	271113
Modena	2012	male	333041
Modena	2013	male	334413
Modena	2014	male	341832
Modena	2015	male	342449
Modena	2016	male	342049
Modena	2017	male	341821
Modena	2012	female	352781
Modena	2013	female	353963
Modena	2014	female	359086
Modena	2015	female	359915
Modena	2016	female	359593
Modena	2017	female	359041
Bologna	2012	male	466788
Bologna	2013	male	474994
Bologna	2014	male	480772
Bologna	2015	male	482366
Bologna	2016	male	483674
Bologna	2017	male	485694
Bologna	2012	female	509265
Bologna	2013	female	515687
Bologna	2014	female	520398
Bologna	2015	female	521957
Bologna	2016	female	522157
Bologna	2017	female	523516
Ferrara	2012	male	168047
Ferrara	2013	male	168281
Ferrara	2014	male	169587
Ferrara	2015	male	169208
Ferrara	2016	male	168148
Ferrara	2017	male	166883
Ferrara	2012	female	184809
Ferrara	2013	female	184442
Ferrara	2014	female	185514
Ferrara	2015	female	184865
Ferrara	2016	female	183288
Ferrara	2017	female	181479
Ravenna	2012	male	185377
Ravenna	2013	male	186343
Ravenna	2014	male	189938
Ravenna	2015	male	189719
Ravenna	2016	male	189730
Ravenna	2017	male	190055
Ravenna	2012	female	199051
Ravenna	2013	female	199768
Ravenna	2014	female	202420
Ravenna	2015	female	202278
Ravenna	2016	female	201795
Ravenna	2017	female	201359
Forlì-Cesena	2012	male	189816
Forlì-Cesena	2013	male	190718
Forlì-Cesena	2014	male	192758
Forlì-Cesena	2015	male	192161
Forlì-Cesena	2016	male	191467
Forlì-Cesena	2017	male	191130
Forlì-Cesena	2012	female	200861
Forlì-Cesena	2013	female	202099
Forlì-Cesena	2014	female	203878
Forlì-Cesena	2015	female	203736
Forlì-Cesena	2016	female	203134
Forlì-Cesena	2017	female	202937
Rimini	2012	male	155068
Rimini	2013	male	157592
Rimini	2014	male	161356
Rimini	2015	male	161674
Rimini	2016	male	161765
Rimini	2017	male	162257
Rimini	2012	female	166960
Rimini	2013	female	169334
Rimini	2014	female	172898
Rimini	2015	female	173525
Rimini	2016	female	173698
Rimini	2017	female	174529
Massa-Carrara	2012	male	95656
Massa-Carrara	2013	male	95643
Massa-Carrara	2014	male	96296
Massa-Carrara	2015	male	95898
Massa-Carrara	2016	male	95119
Massa-Carrara	2017	male	94673
Massa-Carrara	2012	female	103781
Massa-Carrara	2013	female	103687
Massa-Carrara	2014	female	104029
Massa-Carrara	2015	female	103508
Massa-Carrara	2016	female	102603
Massa-Carrara	2017	female	101907
Lucca	2012	male	185862
Lucca	2013	male	186499
Lucca	2014	male	189669
Lucca	2015	male	189157
Lucca	2016	male	188195
Lucca	2017	male	187937
Lucca	2012	female	201763
Lucca	2013	female	202056
Lucca	2014	female	204931
Lucca	2015	female	204321
Lucca	2016	female	203033
Lucca	2017	female	202105
Pistoia	2012	male	137964
Pistoia	2013	male	137795
Pistoia	2014	male	139991
Pistoia	2015	male	140345
Pistoia	2016	male	140191
Pistoia	2017	male	140311
Pistoia	2012	female	149681
Pistoia	2013	female	149650
Pistoia	2014	female	151797
Pistoia	2015	female	152164
Pistoia	2016	female	151772
Pistoia	2017	female	151528
Firenze	2012	male	463095
Firenze	2013	male	470865
Firenze	2014	male	481101
Firenze	2015	male	483699
Firenze	2016	male	484558
Firenze	2017	male	485845
Firenze	2012	female	509137
Firenze	2013	female	516489
Firenze	2014	female	526151
Firenze	2015	female	528481
Firenze	2016	female	528790
Firenze	2017	female	528578
Prato	2012	male	118753
Prato	2013	male	120206
Prato	2014	male	123025
Prato	2015	male	122927
Prato	2016	male	122972
Prato	2017	male	123604
Prato	2012	female	126546
Prato	2013	female	128086
Prato	2014	female	130220
Prato	2015	female	130060
Prato	2016	female	130151
Prato	2017	female	131004
Livorno	2012	male	160213
Livorno	2013	male	160651
Livorno	2014	male	163299
Livorno	2015	male	162563
Livorno	2016	male	162184
Livorno	2017	male	162305
Livorno	2012	female	174657
Livorno	2013	female	174980
Livorno	2014	female	177172
Livorno	2015	female	176507
Livorno	2016	female	175767
Livorno	2017	female	175029
Pisa	2012	male	198478
Pisa	2013	male	200085
Pisa	2014	male	203779
Pisa	2015	male	204631
Pisa	2016	male	204285
Pisa	2017	male	204931
Pisa	2012	female	212250
Pisa	2013	female	213517
Pisa	2014	female	216475
Pisa	2015	female	217185
Pisa	2016	female	216628
Pisa	2017	female	216920
Arezzo	2012	male	166313
Arezzo	2013	male	166819
Arezzo	2014	male	168160
Arezzo	2015	male	168004
Arezzo	2016	male	167369
Arezzo	2017	male	167181
Arezzo	2012	female	176985
Arezzo	2013	female	177618
Arezzo	2014	female	178501
Arezzo	2015	female	178438
Arezzo	2016	female	177741
Arezzo	2017	female	177193
Siena	2012	male	127573
Siena	2013	male	127859
Siena	2014	male	129783
Siena	2015	male	129575
Siena	2016	male	129175
Siena	2017	male	128797
Siena	2012	female	138949
Siena	2013	female	139341
Siena	2014	female	141034
Siena	2015	female	140710
Siena	2016	female	140213
Siena	2017	female	139544
Grosseto	2012	male	105382
Grosseto	2013	male	105895
Grosseto	2014	male	108022
Grosseto	2015	male	107759
Grosseto	2016	male	107420
Grosseto	2017	male	107300
Grosseto	2012	female	114742
Grosseto	2013	female	115087
Grosseto	2014	female	117076
Grosseto	2015	female	116722
Grosseto	2016	female	116232
Grosseto	2017	female	115745
Perugia	2012	male	314826
Perugia	2013	male	316169
Perugia	2014	male	319767
Perugia	2015	male	319220
Perugia	2016	male	318416
Perugia	2017	male	318009
Perugia	2012	female	340180
Perugia	2013	female	341704
Perugia	2014	female	345450
Perugia	2015	female	344935
Perugia	2016	female	343694
Perugia	2017	female	342681
Terni	2012	male	108733
Terni	2013	male	108797
Terni	2014	male	110332
Terni	2015	male	109967
Terni	2016	male	109246
Terni	2017	male	108950
Terni	2012	female	119476
Terni	2013	female	119569
Terni	2014	female	121193
Terni	2015	female	120640
Terni	2016	female	119825
Terni	2017	female	119268
Pesaro e Urbino	2012	male	176522
Pesaro e Urbino	2013	male	176853
Pesaro e Urbino	2014	male	177264
Pesaro e Urbino	2015	male	176768
Pesaro e Urbino	2016	male	175867
Pesaro e Urbino	2017	male	175782
Pesaro e Urbino	2012	female	186154
Pesaro e Urbino	2013	female	186535
Pesaro e Urbino	2014	female	187121
Pesaro e Urbino	2015	female	186585
Pesaro e Urbino	2016	female	185694
Pesaro e Urbino	2017	female	184929
Ancona	2012	male	227915
Ancona	2013	male	228743
Ancona	2014	male	231014
Ancona	2015	male	230229
Ancona	2016	male	229628
Ancona	2017	male	228765
Ancona	2012	female	245727
Ancona	2013	female	246752
Ancona	2014	female	248261
Ancona	2015	female	247663
Ancona	2016	female	246564
Ancona	2017	female	245359
Macerata	2012	male	154658
Macerata	2013	male	155251
Macerata	2014	male	155819
Macerata	2015	male	156144
Macerata	2016	male	155279
Macerata	2017	male	154600
Macerata	2012	female	164717
Macerata	2013	female	165167
Macerata	2014	female	165495
Macerata	2015	female	165761
Macerata	2016	female	165029
Macerata	2017	female	164321
Ascoli Piceno	2012	male	101597
Ascoli Piceno	2013	male	101806
Ascoli Piceno	2014	male	102333
Ascoli Piceno	2015	male	102114
Ascoli Piceno	2016	male	101592
Ascoli Piceno	2017	male	101412
Ascoli Piceno	2012	female	108585
Ascoli Piceno	2013	female	108905
Ascoli Piceno	2014	female	109423
Ascoli Piceno	2015	female	109152
Ascoli Piceno	2016	female	108474
Ascoli Piceno	2017	female	108038
Viterbo	2012	male	151770
Viterbo	2013	male	153456
Viterbo	2014	male	157077
Viterbo	2015	male	156952
Viterbo	2016	male	156172
Viterbo	2017	male	155577
Viterbo	2012	female	160904
Viterbo	2013	female	162167
Viterbo	2014	female	165118
Viterbo	2015	female	165003
Viterbo	2016	female	164107
Viterbo	2017	female	163431
Rieti	2012	male	75657
Rieti	2013	male	76579
Rieti	2014	male	78407
Rieti	2015	male	78083
Rieti	2016	male	77953
Rieti	2017	male	77640
Rieti	2012	female	79252
Rieti	2013	female	79942
Rieti	2014	female	81263
Rieti	2015	female	80898
Rieti	2016	female	80514
Rieti	2017	female	79780
Roma	2012	male	1901599
Roma	2013	male	1925518
Roma	2014	male	2070242
Roma	2015	male	2081773
Roma	2016	male	2078964
Roma	2017	male	2088283
Roma	2012	female	2093651
Roma	2013	female	2114295
Roma	2014	female	2251002
Roma	2015	female	2260273
Roma	2016	female	2261510
Roma	2017	female	2265455
Latina	2012	male	266504
Latina	2013	male	270724
Latina	2014	male	280314
Latina	2015	male	281864
Latina	2016	male	283234
Latina	2017	male	283782
Latina	2012	female	278383
Latina	2013	female	281366
Latina	2014	female	289350
Latina	2015	female	290608
Latina	2016	female	290992
Latina	2017	female	291109
Frosinone	2012	male	240159
Frosinone	2013	male	240648
Frosinone	2014	male	243207
Frosinone	2015	male	243014
Frosinone	2016	male	242293
Frosinone	2017	male	241594
Frosinone	2012	female	252143
Frosinone	2013	female	252581
Frosinone	2014	female	254471
Frosinone	2015	female	253957
Frosinone	2016	female	252733
Frosinone	2017	female	251473
L'Aquila	2012	male	145191
L'Aquila	2013	male	146885
L'Aquila	2014	male	150518
L'Aquila	2015	male	149807
L'Aquila	2016	male	149122
L'Aquila	2017	male	148695
L'Aquila	2012	female	152896
L'Aquila	2013	female	153889
L'Aquila	2014	female	156183
L'Aquila	2015	female	155077
L'Aquila	2016	female	154117
L'Aquila	2017	female	153215
Teramo	2012	male	149350
Teramo	2013	male	149651
Teramo	2014	male	151800
Teramo	2015	male	151926
Teramo	2016	male	151539
Teramo	2017	male	151378
Teramo	2012	female	156827
Teramo	2013	female	157304
Teramo	2014	female	159303
Teramo	2015	female	159242
Teramo	2016	female	158800
Teramo	2017	female	158481
Pescara	2012	male	151007
Pescara	2013	male	151711
Pescara	2014	male	155014
Pescara	2015	male	155239
Pescara	2016	male	154813
Pescara	2017	male	154431
Pescara	2012	female	163384
Pescara	2013	female	164014
Pescara	2014	female	167387
Pescara	2015	female	167520
Pescara	2016	female	167160
Pescara	2017	female	166878
Chieti	2012	male	188393
Chieti	2013	male	189142
Chieti	2014	male	191378
Chieti	2015	male	190840
Chieti	2016	male	189978
Chieti	2017	male	189194
Chieti	2012	female	199368
Chieti	2013	female	199911
Chieti	2014	female	202356
Chieti	2015	female	201923
Chieti	2016	female	200984
Chieti	2017	female	199975
Isernia	2012	male	42482
Isernia	2013	male	42696
Isernia	2014	male	42840
Isernia	2015	male	42719
Isernia	2016	male	42630
Isernia	2017	male	42447
Isernia	2012	female	44507
Isernia	2013	female	44428
Isernia	2014	female	44403
Isernia	2015	female	44109
Isernia	2016	female	43775
Isernia	2017	female	43358
Campobasso	2012	male	110065
Campobasso	2013	male	110169
Campobasso	2014	male	110923
Campobasso	2015	male	110540
Campobasso	2016	male	110519
Campobasso	2017	male	110330
Campobasso	2012	female	116091
Campobasso	2013	female	116048
Campobasso	2014	female	116559
Campobasso	2015	female	115980
Campobasso	2016	female	115103
Campobasso	2017	female	114314
Caserta	2012	male	441168
Caserta	2013	male	442917
Caserta	2014	male	450303
Caserta	2015	male	451449
Caserta	2016	male	451706
Caserta	2017	male	451983
Caserta	2012	female	464020
Caserta	2013	female	465867
Caserta	2014	female	472810
Caserta	2015	female	473165
Caserta	2016	female	472708
Caserta	2017	female	472183
Benevento	2012	male	138149
Benevento	2013	male	137753
Benevento	2014	male	137943
Benevento	2015	male	137301
Benevento	2016	male	136790
Benevento	2017	male	136736
Benevento	2012	female	146411
Benevento	2013	female	145898
Benevento	2014	female	145820
Benevento	2015	female	145020
Benevento	2016	female	143917
Benevento	2017	female	142939
Napoli	2012	male	1474382
Napoli	2013	male	1474892
Napoli	2014	male	1513381
Napoli	2015	male	1509740
Napoli	2016	male	1509779
Napoli	2017	male	1506979
Napoli	2012	female	1578865
Napoli	2013	female	1580447
Napoli	2014	female	1614009
Napoli	2015	female	1608409
Napoli	2016	female	1604119
Napoli	2017	female	1600027
Avellino	2012	male	209382
Avellino	2013	male	209156
Avellino	2014	male	210043
Avellino	2015	male	209010
Avellino	2016	male	208124
Avellino	2017	male	207660
Avellino	2012	female	219473
Avellino	2013	female	219367
Avellino	2014	female	220171
Avellino	2015	female	218926
Avellino	2016	female	217201
Avellino	2017	female	215846
Salerno	2012	male	531639
Salerno	2013	male	532231
Salerno	2014	male	538508
Salerno	2015	male	540543
Salerno	2016	male	540321
Salerno	2017	male	539881
Salerno	2012	female	560935
Salerno	2013	female	561222
Salerno	2014	female	566977
Salerno	2015	female	567966
Salerno	2016	female	566185
Salerno	2017	female	564850
Foggia	2012	male	304964
Foggia	2013	male	306400
Foggia	2014	male	310341
Foggia	2015	male	309612
Foggia	2016	male	308306
Foggia	2017	male	307526
Foggia	2012	female	320693
Foggia	2013	female	321821
Foggia	2014	female	325003
Foggia	2015	female	324227
Foggia	2016	female	322545
Foggia	2017	female	321030
Bari	2012	male	606902
Bari	2013	male	606430
Bari	2014	male	614534
Bari	2015	male	617104
Bari	2016	male	616198
Bari	2017	male	614749
Bari	2012	female	639840
Bari	2013	female	639867
Bari	2014	female	647430
Bari	2015	female	649275
Bari	2016	female	647622
Bari	2017	female	645393
Taranto	2012	male	282866
Taranto	2013	male	282142
Taranto	2014	male	285929
Taranto	2015	male	284930
Taranto	2016	male	283884
Taranto	2017	male	282787
Taranto	2012	female	301363
Taranto	2013	female	300672
Taranto	2014	female	304352
Taranto	2015	female	303437
Taranto	2016	female	302177
Taranto	2017	female	300692
Brindisi	2012	male	192409
Brindisi	2013	male	192130
Brindisi	2014	male	193038
Brindisi	2015	male	192634
Brindisi	2016	male	191849
Brindisi	2017	male	191268
Brindisi	2012	female	208095
Brindisi	2013	female	207705
Brindisi	2014	female	208614
Brindisi	2015	female	208087
Brindisi	2016	female	206812
Brindisi	2017	female	205815
Lecce	2012	male	381856
Lecce	2013	male	382114
Lecce	2014	male	385476
Lecce	2015	male	385293
Lecce	2016	male	384614
Lecce	2017	male	383893
Lecce	2012	female	419314
Lecce	2013	female	419076
Lecce	2014	female	421780
Lecce	2015	female	421119
Lecce	2016	female	419625
Lecce	2017	female	418189
Potenza	2012	male	184491
Potenza	2013	male	183938
Potenza	2014	male	184534
Potenza	2015	male	183661
Potenza	2016	male	182837
Potenza	2017	male	181987
Potenza	2012	female	193021
Potenza	2013	female	192244
Potenza	2014	female	192724
Potenza	2015	female	191653
Potenza	2016	female	190260
Potenza	2017	female	188693
Matera	2012	male	98055
Matera	2013	male	98168
Matera	2014	male	98731
Matera	2015	male	98864
Matera	2016	male	98606
Matera	2017	male	98189
Matera	2012	female	101995
Matera	2013	female	101844
Matera	2014	female	102402
Matera	2015	female	102441
Matera	2016	female	101991
Matera	2017	female	101496
Cosenza	2012	male	348353
Cosenza	2013	male	348817
Cosenza	2014	male	351341
Cosenza	2015	male	350560
Cosenza	2016	male	349222
Cosenza	2017	male	348285
Cosenza	2012	female	365516
Cosenza	2013	female	365464
Cosenza	2014	female	368004
Cosenza	2015	female	366975
Cosenza	2016	female	365178
Cosenza	2017	female	363454
Crotone	2012	male	83458
Crotone	2013	male	84068
Crotone	2014	male	85742
Crotone	2015	male	86122
Crotone	2016	male	86837
Crotone	2017	male	87925
Crotone	2012	female	87260
Crotone	2013	female	87598
Crotone	2014	female	88326
Crotone	2015	female	88206
Crotone	2016	female	87875
Crotone	2017	female	87641
Catanzaro	2012	male	174376
Catanzaro	2013	male	174522
Catanzaro	2014	male	176833
Catanzaro	2015	male	176810
Catanzaro	2016	male	176759
Catanzaro	2017	male	176581
Catanzaro	2012	female	185407
Catanzaro	2013	female	185194
Catanzaro	2014	female	187146
Catanzaro	2015	female	186897
Catanzaro	2016	female	186298
Catanzaro	2017	female	185762
Vibo Valentia	2012	male	80407
Vibo Valentia	2013	male	79918
Vibo Valentia	2014	male	80425
Vibo Valentia	2015	male	80310
Vibo Valentia	2016	male	80225
Vibo Valentia	2017	male	79885
Vibo Valentia	2012	female	82809
Vibo Valentia	2013	female	82334
Vibo Valentia	2014	female	82957
Vibo Valentia	2015	female	82758
Vibo Valentia	2016	female	82291
Vibo Valentia	2017	female	81734
Reggio di Calabria	2012	male	267173
Reggio di Calabria	2013	male	266934
Reggio di Calabria	2014	male	271876
Reggio di Calabria	2015	male	271158
Reggio di Calabria	2016	male	270386
Reggio di Calabria	2017	male	269662
Reggio di Calabria	2012	female	283659
Reggio di Calabria	2013	female	283389
Reggio di Calabria	2014	female	287883
Reggio di Calabria	2015	female	286835
Reggio di Calabria	2016	female	285450
Reggio di Calabria	2017	female	284199
Trapani	2012	male	208124
Trapani	2013	male	208748
Trapani	2014	male	212150
Trapani	2015	male	212856
Trapani	2016	male	213368
Trapani	2017	male	212904
Trapani	2012	female	221413
Trapani	2013	female	221730
Trapani	2014	female	224000
Trapani	2015	female	223440
Trapani	2016	female	222397
Trapani	2017	female	221572
Palermo	2012	male	598858
Palermo	2013	male	599760
Palermo	2014	male	616116
Palermo	2015	male	617313
Palermo	2016	male	615028
Palermo	2017	male	613792
Palermo	2012	female	643702
Palermo	2013	female	643878
Palermo	2014	female	659482
Palermo	2015	female	659212
Palermo	2016	female	656378
Palermo	2017	female	654425
Messina	2012	male	312388
Messina	2013	male	311856
Messina	2014	male	312076
Messina	2015	male	310722
Messina	2016	male	308730
Messina	2017	male	306911
Messina	2012	female	336932
Messina	2013	female	336206
Messina	2014	female	336295
Messina	2015	female	334574
Messina	2016	female	331945
Messina	2017	female	329742
Agrigento	2012	male	215985
Agrigento	2013	male	215939
Agrigento	2014	male	217690
Agrigento	2015	male	217412
Agrigento	2016	male	216477
Agrigento	2017	male	215100
Agrigento	2012	female	230535
Agrigento	2013	female	230142
Agrigento	2014	female	231141
Agrigento	2015	female	230326
Agrigento	2016	female	228652
Agrigento	2017	female	226949
Caltanissetta	2012	male	131577
Caltanissetta	2013	male	131434
Caltanissetta	2014	male	132875
Caltanissetta	2015	male	133004
Caltanissetta	2016	male	132140
Caltanissetta	2017	male	131145
Caltanissetta	2012	female	141329
Caltanissetta	2013	female	141024
Caltanissetta	2014	female	141856
Caltanissetta	2015	female	141020
Caltanissetta	2016	female	139618
Caltanissetta	2017	female	138565
Enna	2012	male	83408
Enna	2013	male	83031
Enna	2014	male	83081
Enna	2015	male	82571
Enna	2016	male	82021
Enna	2017	male	81146
Enna	2012	female	89969
Enna	2013	female	89382
Enna	2014	female	89375
Enna	2015	female	88619
Enna	2016	female	87761
Enna	2017	female	86906
Catania	2012	male	520326
Catania	2013	male	519764
Catania	2014	male	540909
Catania	2015	male	541906
Catania	2016	male	541685
Catania	2017	male	540679
Catania	2012	female	557719
Catania	2013	female	557349
Catania	2014	female	574795
Catania	2015	female	575011
Catania	2016	female	573850
Catania	2017	female	572624
Ragusa	2012	male	150668
Ragusa	2013	male	152136
Ragusa	2014	male	156655
Ragusa	2015	male	157144
Ragusa	2016	male	158266
Ragusa	2017	male	159305
Ragusa	2012	female	157029
Ragusa	2013	female	158084
Ragusa	2014	female	161594
Ragusa	2015	female	161839
Ragusa	2016	female	161960
Ragusa	2017	female	162054
Siracusa	2012	male	196092
Siracusa	2013	male	196019
Siracusa	2014	male	199076
Siracusa	2015	male	199442
Siracusa	2016	male	199015
Siracusa	2017	male	198466
Siracusa	2012	female	203800
Siracusa	2013	female	203450
Siracusa	2014	female	205771
Siracusa	2015	female	205669
Siracusa	2016	female	204970
Siracusa	2017	female	204356
Sassari	2012	male	159393
Sassari	2013	male	160347
Sassari	2014	male	163364
Sassari	2015	male	163257
Sassari	2016	male	163234
Sassari	2017	male	162846
Sassari	2012	female	168358
Sassari	2013	female	169204
Sassari	2014	female	171733
Sassari	2015	female	171458
Sassari	2016	female	170869
Sassari	2017	female	170270
Nuoro	2012	male	78095
Nuoro	2013	male	77695
Nuoro	2014	male	78099
Nuoro	2015	male	77850
Nuoro	2016	male	77190
Nuoro	2017	male	76786
Nuoro	2012	female	81008
Nuoro	2013	female	80619
Nuoro	2014	female	80881
Nuoro	2015	female	80563
Nuoro	2016	female	79888
Nuoro	2017	female	79310
Cagliari	2012	male	267123
Cagliari	2013	male	267743
Cagliari	2014	male	273110
Cagliari	2015	male	273796
Cagliari	2016	male	273855
Cagliari	2017	male	273593
Cagliari	2012	female	282770
Cagliari	2013	female	283334
Cagliari	2014	female	287717
Cagliari	2015	female	288129
Cagliari	2016	female	287434
Cagliari	2017	female	286780
Oristano	2012	male	80353
Oristano	2013	male	80080
Oristano	2014	male	80319
Oristano	2015	male	79931
Oristano	2016	male	79547
Oristano	2017	male	79210
Oristano	2012	female	83325
Oristano	2013	female	82999
Oristano	2014	female	83192
Oristano	2015	female	82712
Oristano	2016	female	82053
Oristano	2017	female	81536
Olbia-Tempio	2012	male	74359
Olbia-Tempio	2013	male	75413
Olbia-Tempio	2014	male	78935
Olbia-Tempio	2015	male	79750
Olbia-Tempio	2016	male	79962
Olbia-Tempio	2017	male	80098
Olbia-Tempio	2012	female	76133
Olbia-Tempio	2013	female	77042
Olbia-Tempio	2014	female	79583
Olbia-Tempio	2015	female	80200
Olbia-Tempio	2016	female	80406
Olbia-Tempio	2017	female	80574
Ogliastra	2012	male	28304
Ogliastra	2013	male	28306
Ogliastra	2014	male	28503
Ogliastra	2015	male	28441
Ogliastra	2016	male	28252
Ogliastra	2017	male	28245
Ogliastra	2012	female	29045
Ogliastra	2013	female	29015
Ogliastra	2014	female	29196
Ogliastra	2015	female	29201
Ogliastra	2016	female	29066
Ogliastra	2017	female	28940
Medio Campidano	2012	male	50015
Medio Campidano	2013	male	49698
Medio Campidano	2014	male	49732
Medio Campidano	2015	male	49514
Medio Campidano	2016	male	49136
Medio Campidano	2017	male	48839
Medio Campidano	2012	female	51163
Medio Campidano	2013	female	50926
Medio Campidano	2014	female	50944
Medio Campidano	2015	female	50627
Medio Campidano	2016	female	50184
Medio Campidano	2017	female	49784
Carbonia-Iglesias	2012	male	62809
Carbonia-Iglesias	2013	male	62567
Carbonia-Iglesias	2014	male	62891
Carbonia-Iglesias	2015	male	62496
Carbonia-Iglesias	2016	male	62063
Carbonia-Iglesias	2017	male	61790
Carbonia-Iglesias	2012	female	65593
Carbonia-Iglesias	2013	female	65391
Carbonia-Iglesias	2014	female	65660
Carbonia-Iglesias	2015	female	65361
Carbonia-Iglesias	2016	female	64999
Carbonia-Iglesias	2017	female	64534
Monza e della Brianza	2012	male	409697
Monza e della Brianza	2013	male	415165
Monza e della Brianza	2014	male	422106
Monza e della Brianza	2015	male	422740
Monza e della Brianza	2016	male	423516
Monza e della Brianza	2017	male	425127
Monza e della Brianza	2012	female	430661
Monza e della Brianza	2013	female	435519
Monza e della Brianza	2014	female	440578
Monza e della Brianza	2015	female	441817
Monza e della Brianza	2016	female	442560
Monza e della Brianza	2017	female	443732
Fermo	2012	male	84777
Fermo	2013	male	84982
Fermo	2014	male	85614
Fermo	2015	male	85620
Fermo	2016	male	85271
Fermo	2017	male	84927
Fermo	2012	female	90036
Fermo	2013	female	90161
Fermo	2014	female	90794
Fermo	2015	female	90760
Fermo	2016	female	90354
Fermo	2017	female	89922
Barletta-Andria-Trani	2012	male	193378
Barletta-Andria-Trani	2013	male	193825
Barletta-Andria-Trani	2014	male	194439
Barletta-Andria-Trani	2015	male	194654
Barletta-Andria-Trani	2016	male	194402
Barletta-Andria-Trani	2017	male	193934
Barletta-Andria-Trani	2012	female	198392
Barletta-Andria-Trani	2013	female	198621
Barletta-Andria-Trani	2014	female	199330
Barletta-Andria-Trani	2015	female	199733
Barletta-Andria-Trani	2016	female	199132
Barletta-Andria-Trani	2017	female	198612
